{"type": "FeatureCollection", "features": [{"id": "0", "type": "Feature", "properties": {"NOMBRE_PRO": "EIA APE BLOQUE VMM9", "CLIENTE": "PAREX", "DEPARTAMEN": "SANTANDER", "MUNICIPIO": "CIMITARRA", "SECTOR": "HIDROCARBUROS", "LATITUD": "6\u00b0 22' 53,637\" N", "LONGITUD": "74\u00b0 14' 24,737\" W"}, "geometry": {"type": "Polygon", "coordinates": [[[-74.34472706980044, 6.713741660451184], [-74.20353366338296, 6.716531413079197], [-74.20113452775503, 6.692607197090293], [-74.08507436164993, 6.695015168023014], [-74.0850741040797, 6.678267738982045], [-73.94508804784122, 6.678250004778202], [-73.94162074065467, 6.220084192974883], [-74.07789497976547, 6.222494198763631], [-74.07789485209872, 6.045446139810304], [-74.48299562027739, 6.044098620446416], [-74.48193950566146, 6.228320560953952], [-74.61821127667342, 6.228198533464692], [-74.61830125693238, 6.315521923943743], [-74.48439796271916, 6.315643812065355], [-74.48468926408174, 6.678099568462515], [-74.34709849554672, 6.678194051752964], [-74.34472706980044, 6.713741660451184]]]}}, {"id": "1", "type": "Feature", "properties": {"NOMBRE_PRO": "PDE TERMINALES MARITIMOS CARTAGENA", "CLIENTE": "EQUION", "DEPARTAMEN": "BOL\u00cdVAR", "MUNICIPIO": "CARTAGENA - PASACABALLOS", "SECTOR": "HIDROCARBUROS", "LATITUD": "10\u00b0 20' 32,422\" N", "LONGITUD": "75\u00b0 31' 4,784\" W"}, "geometry": {"type": "Polygon", "coordinates": [[[-75.44684363671057, 10.458618804323057], [-75.45065626988747, 10.238661363415567], [-75.60903589155816, 10.239389168579091], [-75.59557586679324, 10.352797832476048], [-75.5457719593567, 10.444854515472493], [-75.50339136592393, 10.475177357745931], [-75.44684363671057, 10.458618804323057]]]}}, {"id": "2", "type": "Feature", "properties": {"NOMBRE_PRO": "PLANTA EMBOSA SAS", "CLIENTE": "COCA COLA", "DEPARTAMEN": "CUNDINAMARCA", "MUNICIPIO": "TOCANCIP\u00c1", "SECTOR": null, "LATITUD": "4\u00b0 58' 14,057\" N", "LONGITUD": "73\u00b0 57' 38,981\" W"}, "geometry": {"type": "Polygon", "coordinates": [[[-73.9069907643695, 4.939000025632501], [-74.01246787544729, 4.937989176262697], [-74.01400152433686, 5.002337507794324], [-73.90979750353715, 5.003219991989609], [-73.9069907643695, 4.939000025632501]]]}}, {"id": "3", "type": "Feature", "properties": {"NOMBRE_PRO": "AIPOE BLOQUE FUERTE NORTE - Caribe", "CLIENTE": "EQUION", "DEPARTAMEN": "BOL\u00cdVAR - SUCRE", "MUNICIPIO": "VARIOS", "SECTOR": "HIDROCARBUROS", "LATITUD": "10\u00b0 20' 16,810\" N", "LONGITUD": "76\u00b0 16' 46,016\" W"}, "geometry": {"type": "Polygon", "coordinates": [[[-76.08331735270299, 10.388779145948343], [-76.37605946559228, 10.11375840877082], [-76.49999962871327, 10.243053865175073], [-76.416666645304, 10.250000031164856], [-76.41666507914054, 10.382416880980454], [-76.38023406291879, 10.416669352293914], [-76.33333336815724, 10.416666685296276], [-76.33375608337934, 10.4603534374297], [-76.29228897657939, 10.4993138457646], [-76.083333338827, 10.50000000129776], [-76.08331735270299, 10.388779145948343]]]}}, {"id": "4", "type": "Feature", "properties": {"NOMBRE_PRO": "APEM BLOQUE FUERTE SUR - Caribe", "CLIENTE": "EQUION", "DEPARTAMEN": "C\u00d3RDOBA - ANTIOQUIA", "MUNICIPIO": "VARIOS", "SECTOR": "HIDROCARBUROS", "LATITUD": "9\u00b0 6' 46,963\" N", "LONGITUD": "76\u00b0 38' 32,123\" W"}, "geometry": {"type": "Polygon", "coordinates": [[[-76.39845161771783, 9.317524404746893], [-76.67682834612367, 8.833363269142929], [-76.77096391361404, 8.833369878001626], [-76.88804466837162, 8.899818624499808], [-76.58678941691696, 9.424396150757483], [-76.39845161771783, 9.317524404746893]]]}}, {"id": "5", "type": "Feature", "properties": {"NOMBRE_PRO": "PMA MAPALE 1 y 2", "CLIENTE": "EQUION", "DEPARTAMEN": "BOL\u00cdVAR - ATL\u00c1NTICO", "MUNICIPIO": "VARIOS", "SECTOR": "HIDROCARBUROS", "LATITUD": "10\u00b0 45' 1,904\" N", "LONGITUD": "75\u00b0 43' 4,398\" W"}, "geometry": {"type": "Polygon", "coordinates": [[[-75.33745631371549, 11.001036541554264], [-75.33457333476402, 10.87827091918792], [-75.55011050720961, 10.684393539112635], [-75.59170390204622, 10.72862505348471], [-75.96687176230166, 10.409777088542574], [-76.11680105916359, 10.585364422966908], [-75.63921151845469, 10.99846963895375], [-75.33745631371549, 11.001036541554264]]]}}, {"id": "6", "type": "Feature", "properties": {"NOMBRE_PRO": "PMA MAPALE 2", "CLIENTE": "EQUION", "DEPARTAMEN": "BOL\u00cdVAR - ATL\u00c1NTICO", "MUNICIPIO": "VARIOS", "SECTOR": "HIDROCARBUROS", "LATITUD": "10\u00b0 45' 1,904\" N", "LONGITUD": "75\u00b0 43' 4,398\" W"}, "geometry": {"type": "Polygon", "coordinates": [[[-75.33745631371549, 11.001036541554264], [-75.33457333476402, 10.87827091918792], [-75.55011050720961, 10.684393539112635], [-75.59170390204622, 10.72862505348471], [-75.96687176230166, 10.409777088542574], [-76.11680105916359, 10.585364422966908], [-75.63921151845469, 10.99846963895375], [-75.33745631371549, 11.001036541554264]]]}}, {"id": "7", "type": "Feature", "properties": {"NOMBRE_PRO": "SUSTRACCION DE RESERVA FORESTAL", "CLIENTE": "TOLDA FRIA", "DEPARTAMEN": "CALDAS", "MUNICIPIO": "VILLAMARIA", "SECTOR": "MINERO", "LATITUD": "4\u00b0 57' 38,298\" N", "LONGITUD": "75\u00b0 26' 3,845\" W"}, "geometry": {"type": "Polygon", "coordinates": [[[-75.47297457570048, 4.930037453259605], [-75.47310278857596, 4.991079293177075], [-75.39582522592877, 4.991239011239918], [-75.3957041073612, 4.930195208592644], [-75.47297457570048, 4.930037453259605]]]}}, {"id": "8", "type": "Feature", "properties": {"NOMBRE_PRO": "BLOQUE RC-4", "CLIENTE": "EQUION", "DEPARTAMEN": "BOL\u00cdVAR - ATL\u00c1NTICO", "MUNICIPIO": "VARIOS", "SECTOR": "HIDROCARBUROS", "LATITUD": "10\u00b0 38' 19,832\" N", "LONGITUD": "75\u00b0 54' 24,718\" W"}, "geometry": {"type": "Polygon", "coordinates": [[[-75.66666666564271, 10.999999998854875], [-75.6666666673413, 10.33333333175845], [-76.08331224519662, 10.333365661568697], [-76.08333333334932, 10.50000000133236], [-76.3333238458379, 10.49916289149246], [-76.33333333198807, 10.666666666631883], [-75.99999999936081, 10.666666667158434], [-76.00000000062889, 11.000000001664283], [-75.66666666564271, 10.999999998854875]]]}}, {"id": "9", "type": "Feature", "properties": {"NOMBRE_PRO": "BLOQUE RC-5", "CLIENTE": "EQUION", "DEPARTAMEN": "BOL\u00cdVAR - ATL\u00c1NTICO", "MUNICIPIO": "VARIOS", "SECTOR": "HIDROCARBUROS", "LATITUD": "10\u00b0 40' 0,000\" N", "LONGITUD": "75\u00b0 30' 0,000\" W"}, "geometry": {"type": "Polygon", "coordinates": [[[-75.33333333455138, 11.000000001098151], [-75.33333333498189, 10.333333334643333], [-75.6666666673413, 10.33333333175845], [-75.66666666564271, 10.999999998854875], [-75.33333333455138, 11.000000001098151]]]}}, {"id": "10", "type": "Feature", "properties": {"NOMBRE_PRO": "BLOQUE CPE 5", "CLIENTE": "BHP", "DEPARTAMEN": "VICHADA", "MUNICIPIO": "CUMARIBO", "SECTOR": "HIDROCARBUROS", "LATITUD": "4\u00b0 40' 26,489\" N", "LONGITUD": "69\u00b0 3' 11,883\" W"}, "geometry": {"type": "Polygon", "coordinates": [[[-67.61148718584687, 5.71463217866454], [-67.6306752950267, 5.665699399085719], [-67.59252751408827, 5.541719111661594], [-67.61478038637864, 5.49403438544547], [-67.66246511203579, 5.443170677164657], [-67.82459317980923, 5.338264280674881], [-67.8341301249447, 5.293758536194172], [-67.8086982710735, 5.268326681812962], [-67.78008743573557, 5.115735558585246], [-67.81505623434705, 5.052155924152084], [-67.8023403076664, 4.972681381050709], [-67.84048808778554, 4.947249527496446], [-67.81187725303795, 4.8264482213236], [-67.81187725265923, 4.769226550031576], [-67.84048808831407, 4.65160422602741], [-67.82141419805276, 4.619814408290199], [-67.84048808845343, 4.578487646021278], [-67.84048808791404, 4.5212659745968145], [-67.80551928971535, 4.508550047572873], [-67.76737150925797, 4.416359577296355], [-67.76737150922328, 4.301916235402176], [-67.78644539949616, 4.228799655565246], [-67.72286576485205, 4.117535295089296], [-67.67836002121616, 3.9140804633395727], [-67.6306752950258, 3.8314269383544306], [-67.57027464266505, 3.7901001759044703], [-67.51623195393353, 3.7837422129479936], [-67.4494733375033, 3.6756568336513977], [-67.44947333763962, 3.6152561810842077], [-67.40844757633819, 3.512969090457177], [-69.14675598751401, 3.5153563508162375], [-69.13290402262682, 3.8878506536908444], [-70.53255678499121, 3.8725686692428565], [-70.53590552617214, 5.677409822376236], [-67.61148718584687, 5.71463217866454]]]}}, {"id": "11", "type": "Feature", "properties": {"NOMBRE_PRO": "MANATI GRIS", "CLIENTE": "EXXON MOBIL EXPLORATION COLOMBIA LIMITED", "DEPARTAMEN": "SANTANDER", "MUNICIPIO": "PUERTO WILCHES", "SECTOR": "HIDROCARBUROS", "LATITUD": "7\u00b0 18' 45,755\" N", "LONGITUD": "73\u00b0 51' 47,089\" W"}, "geometry": {"type": "Polygon", "coordinates": [[[-73.86443070696208, 7.313572043031358], [-73.86262036286008, 7.311663287587471], [-73.86443155575911, 7.311781695233681], [-73.86443070696208, 7.313572043031358]]]}}, {"id": "12", "type": "Feature", "properties": {"NOMBRE_PRO": "ENTRERRIOS", "CLIENTE": "FRONTERA ENERGY", "DEPARTAMEN": "CASANARE", "MUNICIPIO": "MAN\u00cd", "SECTOR": "HIDROCARBUROS", "LATITUD": "4\u00b0 47' 29,436\" N", "LONGITUD": "72\u00b0 11' 49,465\" W"}, "geometry": {"type": "Polygon", "coordinates": [[[-72.14656799106356, 4.821433170334629], [-72.21446879194444, 4.732719042876486], [-72.24785904798604, 4.760690512957602], [-72.17951292988349, 4.850764648568408], [-72.14656799106356, 4.821433170334629]]]}}, {"id": "13", "type": "Feature", "properties": {"NOMBRE_PRO": "EL DIFICIL", "CLIENTE": "FRONTERA ENERGY", "DEPARTAMEN": "MAGDALENA", "MUNICIPIO": "ARIGUAN\u00cd", "SECTOR": "HIDROCARBUROS", "LATITUD": "9\u00b0 54' 55,191\" N", "LONGITUD": "74\u00b0 6' 0,566\" W"}, "geometry": {"type": "Polygon", "coordinates": [[[-74.0740534312626, 9.87494721408249], [-74.07405357722439, 9.860938726654279], [-74.15143492419718, 9.861384948834587], [-74.1514606707313, 9.976195104301608], [-74.0740523730522, 9.975803226985429], [-74.07405265930336, 9.948690487957496], [-74.02958794023236, 9.911107031689532], [-74.02959317901362, 9.874954539130153], [-74.0740534312626, 9.87494721408249]]]}}, {"id": "14", "type": "Feature", "properties": {"NOMBRE_PRO": "ALAMEDA", "CLIENTE": "FRONTERA ENERGY", "DEPARTAMEN": "TOLIMA", "MUNICIPIO": "PURIFICACI\u00d3N", "SECTOR": "HIDROCARBUROS", "LATITUD": "3\u00b0 48' 24,963\" N", "LONGITUD": "74\u00b0 58' 23,836\" W"}, "geometry": {"type": "Polygon", "coordinates": [[[-74.97771967596717, 3.8549400052925917], [-74.93877115062331, 3.8325465733222277], [-74.98119281141724, 3.7495317024430967], [-75.00541927222791, 3.7876368774167695], [-74.97771967596717, 3.8549400052925917]]]}}, {"id": "15", "type": "Feature", "properties": {"NOMBRE_PRO": "ABANICO", "CLIENTE": "FRONTERA ENERGY", "DEPARTAMEN": "TOLIMA", "MUNICIPIO": "FLANDES / ESPINAL", "SECTOR": "HIDROCARBUROS", "LATITUD": "4\u00b0 12' 56,714\" N", "LONGITUD": "74\u00b0 52' 44,788\" W"}, "geometry": {"type": "Polygon", "coordinates": [[[-74.8659995072769, 4.2896445883229815], [-74.8146855631168, 4.23222532266502], [-74.82325551177914, 4.206210641540799], [-74.86110620714845, 4.197907506891139], [-74.86107924402322, 4.170780427028072], [-74.87909138156124, 4.170761610856657], [-74.87006210542509, 4.1617290505728315], [-74.895097846995, 4.14612931832606], [-74.9182965393588, 4.170740763128834], [-74.9331588237919, 4.170725404109334], [-74.93320586424598, 4.215936505903596], [-74.8659995072769, 4.2896445883229815]]]}}, {"id": "16", "type": "Feature", "properties": {"NOMBRE_PRO": "REVANCHA SUR", "CLIENTE": "FRONTERA ENERGY", "DEPARTAMEN": "TOLIMA", "MUNICIPIO": "PRADO", "SECTOR": "HIDROCARBUROS", "LATITUD": "3\u00b0 43' 29,740\" N", "LONGITUD": "74\u00b0 56' 49,651\" W"}, "geometry": {"type": "Polygon", "coordinates": [[[-74.95613495072556, 3.7339615752871547], [-74.93813272214295, 3.7339785931937404], [-74.93811599979837, 3.7158939871627146], [-74.95611786998882, 3.715877047004524], [-74.95613495072556, 3.7339615752871547]]]}}, {"id": "17", "type": "Feature", "properties": {"NOMBRE_PRO": "SANTANA", "CLIENTE": "FRONTERA ENERGY", "DEPARTAMEN": "TOLIMA", "MUNICIPIO": "ESPINAL", "SECTOR": "HIDROCARBUROS", "LATITUD": "4\u00b0 10' 44,762\" N", "LONGITUD": "74\u00b0 51' 1,845\" W"}, "geometry": {"type": "Polygon", "coordinates": [[[-74.86107924402322, 4.170780427028072], [-74.86110620714845, 4.197907506891139], [-74.82596929822931, 4.1979420348745276], [-74.85175863799158, 4.157226090109254], [-74.8790820479019, 4.161719906769778], [-74.87909120207073, 4.170762231344083], [-74.86107924402322, 4.170780427028072]]]}}, {"id": "18", "type": "Feature", "properties": {"NOMBRE_PRO": "AGUILAS", "CLIENTE": "FRONTERA ENERGY", "DEPARTAMEN": "PUTUMAYO", "MUNICIPIO": "ORITO", "SECTOR": "HIDROCARBUROS", "LATITUD": "0\u00b0 38' 59,884\" N", "LONGITUD": "76\u00b0 55' 59,302\" W"}, "geometry": {"type": "Polygon", "coordinates": [[[-76.92864759483592, 0.654511979160512], [-76.93763155102504, 0.6454233654444208], [-76.93763130155017, 0.6545122399782449], [-76.92864759483592, 0.654511979160512]]]}}, {"id": "19", "type": "Feature", "properties": {"NOMBRE_PRO": "ALHUCEMA", "CLIENTE": "FRONTERA ENERGY", "DEPARTAMEN": "ANTIOQUIA", "MUNICIPIO": "YOND\u00d3", "SECTOR": "HIDROCARBUROS", "LATITUD": "6\u00b0 39' 25,312\" N", "LONGITUD": "74\u00b0 19' 38,394\" W"}, "geometry": {"type": "Polygon", "coordinates": [[[-74.34938270462669, 6.6467556237297085], [-74.32124618375731, 6.678608538859724], [-74.31111351645572, 6.671560379422451], [-74.32303494398596, 6.638269537730703], [-74.34938270462669, 6.6467556237297085]]]}}, {"id": "20", "type": "Feature", "properties": {"NOMBRE_PRO": "ARAUCA", "CLIENTE": "FRONTERA ENERGY", "DEPARTAMEN": "ARAUCA", "MUNICIPIO": "ARAUCA", "SECTOR": "HIDROCARBUROS", "LATITUD": "6\u00b0 37' 9,138\" N", "LONGITUD": "70\u00b0 41' 54,540\" W"}, "geometry": {"type": "Polygon", "coordinates": [[[-70.75000011981491, 6.874946848876739], [-70.75000011158068, 6.791613515335212], [-70.50005225646007, 6.791613847802913], [-70.50005968462305, 6.708280708034097], [-70.66666678311353, 6.708280189754221], [-70.66666678219867, 6.624946852974794], [-70.50005958220436, 6.624947620643044], [-70.5000000122349, 6.333280183226004], [-70.60960364326407, 6.333339377771353], [-70.60952453689733, 6.426080901520035], [-70.76595204605559, 6.427118355188172], [-70.92677174203696, 6.702714362534102], [-70.92604102847426, 6.815447360221502], [-70.89291092239642, 6.815440166617849], [-70.89279292082128, 6.83327905268219], [-70.86739131928944, 6.833110300710946], [-70.86712453612128, 6.874947126116562], [-70.75000011981491, 6.874946848876739]]]}}, {"id": "21", "type": "Feature", "properties": {"NOMBRE_PRO": "ARRENDAJO", "CLIENTE": "FRONTERA ENERGY", "DEPARTAMEN": "CASANARE", "MUNICIPIO": "PAZ DE ARIPORO / TRINIDAD", "SECTOR": "HIDROCARBUROS", "LATITUD": "5\u00b0 30' 11,285\" N", "LONGITUD": "71\u00b0 8' 45,209\" W"}, "geometry": {"type": "Polygon", "coordinates": [[[-71.24554655337984, 5.457056657385984], [-71.23977075741128, 5.513894278090706], [-71.13345844989497, 5.513529750363061], [-71.13288796800629, 5.599792496514991], [-71.09363151616377, 5.599591419907166], [-71.09459080536348, 5.439443754994145], [-71.15657741826702, 5.439787158509965], [-71.19147556261268, 5.474826167589549], [-71.22758923433535, 5.47499923674799], [-71.24554655337984, 5.457056657385984]]]}}, {"id": "22", "type": "Feature", "properties": {"NOMBRE_PRO": "ARRENDAJO", "CLIENTE": "FRONTERA ENERGY", "DEPARTAMEN": "CASANARE", "MUNICIPIO": "PAZ DE ARIPORO / TRINIDAD", "SECTOR": "HIDROCARBUROS", "LATITUD": "5\u00b0 26' 4,246\" N", "LONGITUD": "71\u00b0 8' 58,262\" W"}, "geometry": {"type": "Polygon", "coordinates": [[[-71.09378844608554, 5.599750937251913], [-71.09517907664619, 5.31881089516497], [-71.23122062008547, 5.319454797843313], [-71.21860216742549, 5.378382837716291], [-71.1567327763702, 5.439944452313274], [-71.1916309334241, 5.474983458206897], [-71.22774461317763, 5.475156531053178], [-71.24570193597451, 5.4572139995247], [-71.23992619176512, 5.514051604140188], [-71.13347312465537, 5.513533765985186], [-71.13304336152387, 5.5999497524526545], [-71.09378844608554, 5.599750937251913]]]}}, {"id": "23", "type": "Feature", "properties": {"NOMBRE_PRO": "ARRENDAJO", "CLIENTE": "FRONTERA ENERGY", "DEPARTAMEN": "CASANARE", "MUNICIPIO": "PAZ DE ARIPORO / TRINIDAD", "SECTOR": "HIDROCARBUROS", "LATITUD": "5\u00b0 32' 40,529\" N", "LONGITUD": "71\u00b0 6' 49,282\" W"}, "geometry": {"type": "Polygon", "coordinates": [[[-71.0939073787039, 5.575645235387919], [-71.09421250169025, 5.5135389567885325], [-71.1334696229009, 5.513536560016647], [-71.13316860347152, 5.575642832640855], [-71.0939073787039, 5.575645235387919]]]}}, {"id": "24", "type": "Feature", "properties": {"NOMBRE_PRO": "ARRENDAJO", "CLIENTE": "FRONTERA ENERGY", "DEPARTAMEN": "CASANARE", "MUNICIPIO": "PAZ DE ARIPORO / TRINIDAD", "SECTOR": "HIDROCARBUROS", "LATITUD": "5\u00b0 29' 35,668\" N", "LONGITUD": "71\u00b0 12' 13,765\" W"}, "geometry": {"type": "Polygon", "coordinates": [[[-71.23992406230603, 5.514050555308923], [-71.16224915761259, 5.513675582958602], [-71.1622437275778, 5.475254764361128], [-71.22774915298179, 5.4751605356910655], [-71.2457019358867, 5.457214786207786], [-71.23992406230603, 5.514050555308923]]]}}, {"id": "25", "type": "Feature", "properties": {"NOMBRE_PRO": "ARRENDAJO", "CLIENTE": "FRONTERA ENERGY", "DEPARTAMEN": "CASANARE", "MUNICIPIO": "PAZ DE ARIPORO / TRINIDAD", "SECTOR": "HIDROCARBUROS", "LATITUD": "5\u00b0 35' 15,730\" N", "LONGITUD": "71\u00b0 6' 48,317\" W"}, "geometry": {"type": "Polygon", "coordinates": [[[-71.09379004563037, 5.5756452387859925], [-71.13305127165579, 5.5756428439145616], [-71.13305354321962, 5.599760069624996], [-71.09379071308402, 5.599762475619739], [-71.09379004563037, 5.5756452387859925]]]}}, {"id": "26", "type": "Feature", "properties": {"NOMBRE_PRO": "ARRENDAJO", "CLIENTE": "FRONTERA ENERGY", "DEPARTAMEN": "CASANARE", "MUNICIPIO": "PAZ DE ARIPORO / TRINIDAD", "SECTOR": "HIDROCARBUROS", "LATITUD": "5\u00b0 24' 8,756\" N", "LONGITUD": "71\u00b0 8' 47,951\" W"}, "geometry": {"type": "Polygon", "coordinates": [[[-71.16224913746288, 5.513533157573332], [-71.0942215268491, 5.513538956918511], [-71.0951815036565, 5.318809438506184], [-71.23122930652943, 5.319450662539686], [-71.21860337483554, 5.378377077501841], [-71.15673442742626, 5.439943130914395], [-71.19163496740258, 5.474978601525449], [-71.16224369023814, 5.474983478350644], [-71.16224913746288, 5.513533157573332]]]}}, {"id": "27", "type": "Feature", "properties": {"NOMBRE_PRO": "BUGANVILES", "CLIENTE": "FRONTERA ENERGY", "DEPARTAMEN": "TOLIMA", "MUNICIPIO": "VARIOS", "SECTOR": "HIDROCARBUROS", "LATITUD": "4\u00b0 14' 32,378\" N", "LONGITUD": "75\u00b0 0' 57,270\" W"}, "geometry": {"type": "Polygon", "coordinates": [[[-75.09165960639294, 4.142600779252723], [-75.19305323816684, 4.095629016878716], [-75.06732535432373, 4.359636099339894], [-74.878158686679, 4.359861656456458], [-74.88554304785947, 4.263851791834923], [-74.9295637990931, 4.142792278169528], [-75.09165960639294, 4.142600779252723]]]}}, {"id": "28", "type": "Feature", "properties": {"NOMBRE_PRO": "BUGANVILES", "CLIENTE": "FRONTERA ENERGY", "DEPARTAMEN": "TOLIMA", "MUNICIPIO": "VARIOS", "SECTOR": "HIDROCARBUROS", "LATITUD": "4\u00b0 15' 0,183\" N", "LONGITUD": "74\u00b0 59' 34,363\" W"}, "geometry": {"type": "Polygon", "coordinates": [[[-74.92580781650037, 4.360621127677365], [-74.9398209967908, 4.282708763304327], [-74.9062142770218, 4.243091152564116], [-74.93320640766994, 4.215935993516025], [-74.93315753799843, 4.1693451817608045], [-74.94876965276748, 4.143586738510314], [-75.06943667412554, 4.1434498110224105], [-75.03835725229733, 4.208877787954424], [-74.99364213043451, 4.208929049550466], [-74.97574137671492, 4.227648088136457], [-74.97575569031615, 4.240062865502373], [-75.08000109168535, 4.239939931820302], [-75.05898515947622, 4.287000951348775], [-75.08505901071679, 4.286967889401882], [-75.06795650715343, 4.33125006218741], [-75.05192337603603, 4.331270001854784], [-75.05194461775675, 4.3485390480947546], [-75.02708444045022, 4.348569012467838], [-75.02705109485194, 4.3204043152861065], [-74.99264470073847, 4.320445754600135], [-74.97935857581093, 4.360561414008625], [-74.92580781650037, 4.360621127677365]]]}}, {"id": "29", "type": "Feature", "properties": {"NOMBRE_PRO": "CACHICAMO", "CLIENTE": "FRONTERA ENERGY", "DEPARTAMEN": "CASANARE", "MUNICIPIO": "OROCU\u00c9", "SECTOR": "HIDROCARBUROS", "LATITUD": "4\u00b0 47' 43,965\" N", "LONGITUD": "71\u00b0 43' 51,836\" W"}, "geometry": {"type": "Polygon", "coordinates": [[[-71.8468389923669, 4.822900774129373], [-71.81337318934153, 4.877692534596851], [-71.66374667919553, 4.866786843105977], [-71.6527359846116, 4.827997214652493], [-71.63758434361037, 4.81842461640795], [-71.69939137984808, 4.685239170118327], [-71.7820245418371, 4.691711553326107], [-71.74542257662989, 4.783933201057334], [-71.8468389923669, 4.822900774129373]]]}}, {"id": "30", "type": "Feature", "properties": {"NOMBRE_PRO": "CACHICAMO", "CLIENTE": "FRONTERA ENERGY", "DEPARTAMEN": "CASANARE", "MUNICIPIO": "OROCU\u00c9", "SECTOR": "HIDROCARBUROS", "LATITUD": "4\u00b0 49' 4,988\" N", "LONGITUD": "71\u00b0 44' 6,896\" W"}, "geometry": {"type": "Polygon", "coordinates": [[[-71.81175395279692, 4.948534065977723], [-71.75466783436691, 4.901079985988168], [-71.64792976107671, 4.901179302294852], [-71.66537683579864, 4.852491401042245], [-71.63758434361037, 4.81842461640795], [-71.69939137984808, 4.685239170118327], [-71.7820245418371, 4.691711553326107], [-71.74542257662989, 4.783933201057334], [-71.8468389923669, 4.822900774129373], [-71.79822868550796, 4.902732143067236], [-71.8379933422135, 4.904237920930373], [-71.81175395279692, 4.948534065977723]]]}}, {"id": "31", "type": "Feature", "properties": {"NOMBRE_PRO": "CANAGUARO", "CLIENTE": "FRONTERA ENERGY", "DEPARTAMEN": "CASANARE", "MUNICIPIO": "MONTEREY / TAURAMENA", "SECTOR": "HIDROCARBUROS", "LATITUD": "4\u00b0 46' 26,132\" N", "LONGITUD": "72\u00b0 42' 21,876\" W"}, "geometry": {"type": "Polygon", "coordinates": [[[-72.6924978699965, 4.8303925211741054], [-72.68044226105046, 4.830396089634913], [-72.68606665851969, 4.7651180647506965], [-72.72610790768294, 4.730525449945935], [-72.74365390086183, 4.730559475249243], [-72.6924978699965, 4.8303925211741054]]]}}, {"id": "32", "type": "Feature", "properties": {"NOMBRE_PRO": "CANAGUARO", "CLIENTE": "FRONTERA ENERGY", "DEPARTAMEN": "CASANARE", "MUNICIPIO": "MONTEREY / TAURAMENA", "SECTOR": "HIDROCARBUROS", "LATITUD": "4\u00b0 47' 13,255\" N", "LONGITUD": "72\u00b0 43' 23,680\" W"}, "geometry": {"type": "Polygon", "coordinates": [[[-72.68057862594893, 4.73043502245284], [-72.74365391884962, 4.730559493365187], [-72.74353191183035, 4.793842178911478], [-72.78873654316298, 4.793929802369962], [-72.78866998440951, 4.830356111171319], [-72.68044226002776, 4.830414197519903], [-72.68057862594893, 4.73043502245284]]]}}, {"id": "33", "type": "Feature", "properties": {"NOMBRE_PRO": "CANAGUARO", "CLIENTE": "FRONTERA ENERGY", "DEPARTAMEN": "CASANARE", "MUNICIPIO": "MONTEREY / TAURAMENA", "SECTOR": "HIDROCARBUROS", "LATITUD": "4\u00b0 45' 45,004\" N", "LONGITUD": "72\u00b0 42' 13,541\" W"}, "geometry": {"type": "Polygon", "coordinates": [[[-72.68058259508715, 4.8085817142884], [-72.68069023256655, 4.730589630682283], [-72.74376353913476, 4.730715547167953], [-72.69229058291107, 4.815029359787909], [-72.68058259508715, 4.8085817142884]]]}}, {"id": "34", "type": "Feature", "properties": {"NOMBRE_PRO": "CASIMENA", "CLIENTE": "FRONTERA ENERGY", "DEPARTAMEN": "CASANARE", "MUNICIPIO": "OROCU\u00c9", "SECTOR": "HIDROCARBUROS", "LATITUD": "4\u00b0 41' 49,841\" N", "LONGITUD": "72\u00b0 1' 52,753\" W"}, "geometry": {"type": "Polygon", "coordinates": [[[-72.07777231577542, 4.79346777403018], [-72.04705651025942, 4.8365588945185625], [-71.99204569344121, 4.799257206194031], [-71.96140973966548, 4.8745662251085], [-71.94485970787649, 4.868027028194289], [-71.98991839720524, 4.762339640922672], [-71.98987760333819, 4.7312908538077485], [-72.0084909148652, 4.731266074730754], [-72.01993478542823, 4.7121180689950695], [-71.98065432197224, 4.686805456833976], [-71.98842200891886, 4.559197076921238], [-72.13025024519531, 4.64458187473729], [-72.11599135635758, 4.6929906464660185], [-72.08190032885766, 4.668389368312905], [-72.05029035740624, 4.728138629184616], [-72.03367882437054, 4.718796609810791], [-72.02144383794412, 4.741185546258019], [-72.07777231577542, 4.79346777403018]]]}}, {"id": "35", "type": "Feature", "properties": {"NOMBRE_PRO": "CASTOR A Y B", "CLIENTE": "FRONTERA ENERGY", "DEPARTAMEN": "CASANARE", "MUNICIPIO": "SAN LUIS DE PALENQUE", "SECTOR": "HIDROCARBUROS", "LATITUD": "5\u00b0 18' 43,244\" N", "LONGITUD": "71\u00b0 47' 40,684\" W"}, "geometry": {"type": "Polygon", "coordinates": [[[-71.77060348589077, 5.327950274465353], [-71.80476631978618, 5.276191384554728], [-71.81163748831308, 5.279160358097904], [-71.80095719018018, 5.340902837314848], [-71.77060348589077, 5.327950274465353]]]}}, {"id": "36", "type": "Feature", "properties": {"NOMBRE_PRO": "CASTOR A Y B", "CLIENTE": "FRONTERA ENERGY", "DEPARTAMEN": "CASANARE", "MUNICIPIO": "SAN LUIS DE PALENQUE", "SECTOR": "HIDROCARBUROS", "LATITUD": "5\u00b0 21' 6,549\" N", "LONGITUD": "71\u00b0 44' 47,429\" W"}, "geometry": {"type": "Polygon", "coordinates": [[[-71.75661591902191, 5.378187751486002], [-71.72864139707846, 5.365284212583117], [-71.73940853557723, 5.32312888474121], [-71.76289567975417, 5.339595220546847], [-71.75661591902191, 5.378187751486002]]]}}, {"id": "37", "type": "Feature", "properties": {"NOMBRE_PRO": "CASTOR C", "CLIENTE": "FRONTERA ENERGY", "DEPARTAMEN": "CASANARE", "MUNICIPIO": "SAN LUIS DE PALENQUE", "SECTOR": "HIDROCARBUROS", "LATITUD": "5\u00b0 23' 38,265\" N", "LONGITUD": "71\u00b0 47' 19,285\" W"}, "geometry": {"type": "Polygon", "coordinates": [[[-71.81260437838597, 5.432122847221366], [-71.76364707214472, 5.461770809576014], [-71.7756699578117, 5.414964576851457], [-71.76909534708658, 5.340545485729041], [-71.78142183528084, 5.332566899583786], [-71.80341766805529, 5.33575935761507], [-71.81260437838597, 5.432122847221366]]]}}, {"id": "38", "type": "Feature", "properties": {"NOMBRE_PRO": "CHIGUIRO ESTE", "CLIENTE": "FRONTERA ENERGY", "DEPARTAMEN": "META", "MUNICIPIO": "SAN MART\u00cdN", "SECTOR": "HIDROCARBUROS", "LATITUD": "3\u00b0 31' 34,097\" N", "LONGITUD": "72\u00b0 43' 57,696\" W"}, "geometry": {"type": "Polygon", "coordinates": [[[-72.58347206462696, 3.419419356429295], [-72.91672506692397, 3.419882239050858], [-72.91667863113824, 3.458272446533297], [-72.87501112023222, 3.4582745973871214], [-72.87501229252679, 3.499937232157434], [-72.83334358889293, 3.499936896443621], [-72.83334845318073, 3.708273422185975], [-72.77241181784191, 3.70827573761592], [-72.77254176118088, 3.61858938861402], [-72.59257598960119, 3.618320544823034], [-72.58347206462696, 3.419419356429295]]]}}, {"id": "39", "type": "Feature", "properties": {"NOMBRE_PRO": "CHIGUIRO OESTE", "CLIENTE": "FRONTERA ENERGY", "DEPARTAMEN": "META", "MUNICIPIO": "SAN MART\u00cdN", "SECTOR": "HIDROCARBUROS", "LATITUD": "3\u00b0 35' 4,746\" N", "LONGITUD": "73\u00b0 4' 17,731\" W"}, "geometry": {"type": "Polygon", "coordinates": [[[-72.958339928328, 3.708269151281928], [-72.95834149271872, 3.5832689668006688], [-73.04168160141586, 3.5832769798669406], [-73.04186100852125, 3.420017002018406], [-73.14964496063519, 3.4201277320372396], [-73.14933817355828, 3.7082738917672895], [-72.958339928328, 3.708269151281928]]]}}, {"id": "40", "type": "Feature", "properties": {"NOMBRE_PRO": "CORCEL", "CLIENTE": "FRONTERA ENERGY", "DEPARTAMEN": "CASANARE", "MUNICIPIO": "BARRANCA DE UP\u00cdA / VILLANUEVA", "SECTOR": "HIDROCARBUROS", "LATITUD": "4\u00b0 24' 24,573\" N", "LONGITUD": "72\u00b0 55' 1,732\" W"}, "geometry": {"type": "Polygon", "coordinates": [[[-72.90388467365385, 4.456089186172001], [-72.8698872077706, 4.4219382731015475], [-72.93144117166582, 4.360198452482925], [-72.95145037242617, 4.360228824208145], [-72.95137790541256, 4.408454507338151], [-72.90388467365385, 4.456089186172001]]]}}, {"id": "41", "type": "Feature", "properties": {"NOMBRE_PRO": "CORCEL NORESTE", "CLIENTE": "FRONTERA ENERGY", "DEPARTAMEN": "CASANARE", "MUNICIPIO": "BARRANCA DE UP\u00cdA / VILLANUEVA", "SECTOR": "HIDROCARBUROS", "LATITUD": "4\u00b0 27' 55,892\" N", "LONGITUD": "72\u00b0 50' 17,086\" W"}, "geometry": {"type": "Polygon", "coordinates": [[[-72.87695273825473, 4.414770796533073], [-72.86980611372078, 4.421930736100024], [-72.90295352171978, 4.455099787031735], [-72.84443967149099, 4.5137642979670725], [-72.78009263299519, 4.5136520539736775], [-72.78015743993342, 4.477010998520003], [-72.82824792311652, 4.419599283494985], [-72.848891615246, 4.398897009325308], [-72.87695273825473, 4.414770796533073]]]}}, {"id": "42", "type": "Feature", "properties": {"NOMBRE_PRO": "CORCEL II", "CLIENTE": "FRONTERA ENERGY", "DEPARTAMEN": "CASANARE", "MUNICIPIO": "BARRANCA DE UP\u00cdA / VILLANUEVA", "SECTOR": "HIDROCARBUROS", "LATITUD": "4\u00b0 26' 33,641\" N", "LONGITUD": "72\u00b0 51' 21,693\" W"}, "geometry": {"type": "Polygon", "coordinates": [[[-72.95125512286171, 4.513937894043783], [-72.78009266024574, 4.5136519274508355], [-72.78036092051865, 4.359959830942142], [-72.93147926132686, 4.360205743729087], [-72.86992502755965, 4.421946291014656], [-72.90392348654393, 4.45609738530923], [-72.95141581742347, 4.408461978799525], [-72.95125512286171, 4.513937894043783]]]}}, {"id": "43", "type": "Feature", "properties": {"NOMBRE_PRO": "CPE-6", "CLIENTE": "FRONTERA ENERGY", "DEPARTAMEN": "META", "MUNICIPIO": "PUERTO GAIT\u00c1N", "SECTOR": "HIDROCARBUROS", "LATITUD": "3\u00b0 25' 8,493\" N", "LONGITUD": "72\u00b0 13' 50,832\" W"}, "geometry": {"type": "Polygon", "coordinates": [[[-71.99999997256694, 3.499999996009754], [-71.99999279703941, 3.3598144145289943], [-72.04939365302808, 3.3421028019169867], [-72.07708922045569, 3.307556842549844], [-72.0975662136098, 3.3149658782241316], [-72.15686427838044, 3.2796259647673813], [-72.19224328341807, 3.2766095116069196], [-72.20428971148247, 3.337114039616198], [-72.23659368649962, 3.368266590143498], [-72.30635121484013, 3.36975916304639], [-72.31298222739605, 3.3586506618035625], [-72.3276382212355, 3.3711786796543444], [-72.35794273549568, 3.369388200419452], [-72.40596372176167, 3.435154266593601], [-72.4102827355966, 3.414351254450916], [-72.43234625142745, 3.4079217619444386], [-72.43201126430525, 3.3800542488723493], [-72.44806427099547, 3.3793237540408603], [-72.45640328084006, 3.358430748241115], [-72.46418528239573, 3.367341754921431], [-72.48512179562228, 3.3469547521608396], [-72.49812929796096, 3.353159257528698], [-72.50277680447206, 3.331336252323489], [-72.512076133812, 3.3318170943535317], [-72.50000002643752, 3.499999980694317], [-71.99999997256694, 3.499999996009754]]]}}, {"id": "44", "type": "Feature", "properties": {"NOMBRE_PRO": "CPO1", "CLIENTE": "FRONTERA ENERGY", "DEPARTAMEN": "CASANARE", "MUNICIPIO": "PUERTO GAIT\u00c1N", "SECTOR": "HIDROCARBUROS", "LATITUD": "4\u00b0 35' 41,780\" N", "LONGITUD": "71\u00b0 42' 9,808\" W"}, "geometry": {"type": "Polygon", "coordinates": [[[-71.50003614912484, 4.614121294349668], [-71.56400329642241, 4.614350857238356], [-71.56406679907012, 4.596282357877924], [-71.59107576376945, 4.596377243189758], [-71.59113833720697, 4.578308359520583], [-71.60914417348349, 4.578370800171275], [-71.60920604715118, 4.560301659265375], [-71.62721167965894, 4.56036340290461], [-71.62727285805934, 4.542294004813608], [-71.65428109339446, 4.542385409062145], [-71.65441984191406, 4.500672196779528], [-72.04166657232655, 4.500486520996311], [-72.04166656619026, 4.541613452919233], [-71.9583332381689, 4.541613455013767], [-71.95826222648073, 4.565870371169389], [-71.93597058429957, 4.565804159889445], [-71.87335354489197, 4.524270302775124], [-71.6407019486368, 4.680769753007914], [-71.56187073283333, 4.750088199925464], [-71.50004335894738, 4.750105958232587], [-71.50003614912484, 4.614121294349668]]]}}, {"id": "45", "type": "Feature", "properties": {"NOMBRE_PRO": "CPO12", "CLIENTE": "FRONTERA ENERGY", "DEPARTAMEN": "META", "MUNICIPIO": "PUERTO GAIT\u00c1N", "SECTOR": "HIDROCARBUROS", "LATITUD": "3\u00b0 45' 25,736\" N", "LONGITUD": "72\u00b0 15' 33,097\" W"}, "geometry": {"type": "Polygon", "coordinates": [[[-72.00000018735116, 4.000000178895376], [-71.9999998828254, 3.4999999063396294], [-72.49999966628563, 3.499999619392618], [-72.49999988297172, 4.000000265747216], [-72.12538364079994, 4.000029066742285], [-72.12543014404459, 3.9806019099734984], [-72.06794319391234, 3.980673208030145], [-72.05048042430525, 4.000014015475076], [-72.00000018735116, 4.000000178895376]], [[-72.1693439327762, 3.5361731054470975], [-72.07970344919133, 3.5359753484036736], [-72.07916755913226, 3.708278463939959], [-72.16898679793388, 3.708280354679787], [-72.1693439327762, 3.5361731054470975]]]}}, {"id": "46", "type": "Feature", "properties": {"NOMBRE_PRO": "CRAVOVIEJO", "CLIENTE": "FRONTERA ENERGY", "DEPARTAMEN": "CASANARE", "MUNICIPIO": "OROCU\u00c9", "SECTOR": "HIDROCARBUROS", "LATITUD": "4\u00b0 56' 32,998\" N", "LONGITUD": "71\u00b0 54' 37,892\" W"}, "geometry": {"type": "Polygon", "coordinates": [[[-71.8115721860229, 4.948526943259614], [-71.88303430640741, 4.827864379339378], [-71.9997075469273, 4.9301924982662495], [-71.99961707883892, 4.959162196469892], [-71.93859456500098, 5.054096460010066], [-71.8115721860229, 4.948526943259614]]]}}, {"id": "47", "type": "Feature", "properties": {"NOMBRE_PRO": "LA CRECIENTE", "CLIENTE": "FRONTERA ENERGY", "DEPARTAMEN": "SUCRE", "MUNICIPIO": "SAN LUIS DE SINC\u00c9 / SAN PEDRO", "SECTOR": "HIDROCARBUROS", "LATITUD": "9\u00b0 23' 34,390\" N", "LONGITUD": "75\u00b0 4' 41,543\" W"}, "geometry": {"type": "Polygon", "coordinates": [[[-75.03339273574292, 9.470039859386526], [-75.03303668383843, 9.418481632540495], [-75.0414920141015, 9.428219691079304], [-75.10408635932339, 9.428042811885481], [-75.07580478037134, 9.399181778740381], [-75.05913885258207, 9.399225771215571], [-75.05906737167487, 9.373820521858779], [-75.05240014962635, 9.366131477874026], [-75.0455865294564, 9.362360189332284], [-75.03540095981523, 9.351441309905983], [-75.05275775986779, 9.365714390989233], [-75.05906531437756, 9.373088331046551], [-75.05895372544981, 9.333280700849166], [-75.01868854939428, 9.333280711598329], [-75.03563261071598, 9.29161479436754], [-75.0597281230266, 9.291614414063288], [-75.0541513195522, 9.328653166942038], [-75.0810899333535, 9.338246471932857], [-75.08112743317251, 9.357054940926314], [-75.0929859155489, 9.360265632041587], [-75.09284576604317, 9.333281078359459], [-75.12166129169294, 9.350617384302149], [-75.12668034022026, 9.439633395521787], [-75.10409633882729, 9.43141806406914], [-75.10414403033319, 9.44753079663021], [-75.08889319078172, 9.447575007722408], [-75.08895837992877, 9.469883957156148], [-75.03339273574292, 9.470039859386526]]]}}, {"id": "48", "type": "Feature", "properties": {"NOMBRE_PRO": "CUBIRO CENTRAL", "CLIENTE": "FRONTERA ENERGY", "DEPARTAMEN": "CASANARE", "MUNICIPIO": "SAN LUIS DE PALENQUE / TRINIDAD", "SECTOR": "HIDROCARBUROS", "LATITUD": "5\u00b0 14' 29,251\" N", "LONGITUD": "71\u00b0 17' 45,457\" W"}, "geometry": {"type": "Polygon", "coordinates": [[[-71.2814094160362, 5.3155406215035175], [-71.25239923695807, 5.288398964355928], [-71.25269577393469, 5.20140361790101], [-71.31584323982817, 5.2016844701756755], [-71.3324907572531, 5.154121818716279], [-71.35606664288535, 5.164404212940973], [-71.35601937678742, 5.175547394179274], [-71.3060911114701, 5.276588940341365], [-71.3148367197682, 5.315691399335784], [-71.2814094160362, 5.3155406215035175]]]}}, {"id": "49", "type": "Feature", "properties": {"NOMBRE_PRO": "CARETO", "CLIENTE": "FRONTERA ENERGY", "DEPARTAMEN": "CASANARE", "MUNICIPIO": "SAN LUIS DE PALENQUE / TRINIDAD", "SECTOR": "HIDROCARBUROS", "LATITUD": "5\u00b0 16' 21,694\" N", "LONGITUD": "71\u00b0 23' 36,772\" W"}, "geometry": {"type": "Polygon", "coordinates": [[[-71.4173894724814, 5.316122562298626], [-71.3692171530896, 5.3105117474977375], [-71.36953372606185, 5.235365833551952], [-71.3806415508816, 5.235360556501455], [-71.38063295221335, 5.217473870551776], [-71.41773029010304, 5.236271106369139], [-71.4173894724814, 5.316122562298626]]]}}, {"id": "50", "type": "Feature", "properties": {"NOMBRE_PRO": "CARETO", "CLIENTE": "FRONTERA ENERGY", "DEPARTAMEN": "CASANARE", "MUNICIPIO": "SAN LUIS DE PALENQUE / TRINIDAD", "SECTOR": "HIDROCARBUROS", "LATITUD": "5\u00b0 11' 10,122\" N", "LONGITUD": "71\u00b0 18' 6,228\" W"}, "geometry": {"type": "MultiPolygon", "coordinates": [[[[-71.21082725180993, 5.209007963216578], [-71.22749666476776, 5.183976682564525], [-71.23436856043462, 5.125536811873706], [-71.25691590333638, 5.125530884556928], [-71.2568667714553, 5.102407735137248], [-71.30091749453163, 5.102601946022164], [-71.30093289376771, 5.14693386388748], [-71.33247319499242, 5.158182155518433], [-71.31980619890884, 5.198452959915017], [-71.21082725180993, 5.209007963216578]]], [[[-71.30605750258239, 5.284128806108341], [-71.35605732161974, 5.1666014019929225], [-71.38425644717788, 5.176660051102859], [-71.40177984281982, 5.196474064364078], [-71.36947019944812, 5.2504373924419], [-71.32864292613559, 5.250258148058204], [-71.32835353066113, 5.315730228033704], [-71.3148367197682, 5.315691399335784], [-71.30605750258239, 5.284128806108341]]], [[[-71.36921421975025, 5.315911204356615], [-71.3814506623528, 5.310505847259598], [-71.38152381970266, 5.315965008742938], [-71.36921421975025, 5.315911204356615]]]]}}, {"id": "51", "type": "Feature", "properties": {"NOMBRE_PRO": "COPA", "CLIENTE": "FRONTERA ENERGY", "DEPARTAMEN": "CASANARE", "MUNICIPIO": "SAN LUIS DE PALENQUE", "SECTOR": "HIDROCARBUROS", "LATITUD": "5\u00b0 9' 21,538\" N", "LONGITUD": "71\u00b0 12' 27,609\" W"}, "geometry": {"type": "Polygon", "coordinates": [[[-71.25689456182727, 5.102923567896328], [-71.25691590333638, 5.125530884556928], [-71.23436856043462, 5.125536811873706], [-71.22749666476776, 5.183976682564525], [-71.21079396656663, 5.209861275831962], [-71.17061927353457, 5.218292988831281], [-71.16996105659875, 5.168718789913954], [-71.2093738728451, 5.102934988978397], [-71.25689456182727, 5.102923567896328]]]}}, {"id": "52", "type": "Feature", "properties": {"NOMBRE_PRO": "GUADUAS", "CLIENTE": "FRONTERA ENERGY", "DEPARTAMEN": "CUNDINAMARCA", "MUNICIPIO": "GUADUAS", "SECTOR": "HIDROCARBUROS", "LATITUD": "5\u00b0 5' 20,899\" N", "LONGITUD": "74\u00b0 33' 50,561\" W"}, "geometry": {"type": "Polygon", "coordinates": [[[-74.54292324396445, 5.191965352186035], [-74.54277648880621, 4.986323707482359], [-74.58515500859097, 4.986292544835333], [-74.58531522688749, 5.191932898453471], [-74.54292324396445, 5.191965352186035]], [[-74.55848347041922, 5.081266204246787], [-74.56107302195915, 5.080886460519337], [-74.55914137572086, 5.079425003681811], [-74.55848347041922, 5.081266204246787]]]}}, {"id": "53", "type": "Feature", "properties": {"NOMBRE_PRO": "GUADUAS", "CLIENTE": "FRONTERA ENERGY", "DEPARTAMEN": "CUNDINAMARCA", "MUNICIPIO": "GUADUAS", "SECTOR": "HIDROCARBUROS", "LATITUD": "5\u00b0 7' 25,829\" N", "LONGITUD": "74\u00b0 36' 7,627\" W"}, "geometry": {"type": "Polygon", "coordinates": [[[-74.61419161774089, 5.208445617521682], [-74.55001587264505, 5.2084967369002575], [-74.55000362541678, 5.191960129728858], [-74.58531522688749, 5.191932898453471], [-74.58519553582892, 5.039112972283407], [-74.6185598346834, 5.039086235132553], [-74.61857473538278, 5.057171374181361], [-74.63210112487334, 5.057160006827745], [-74.63217054956864, 5.138542825614813], [-74.61413308396855, 5.138558163999727], [-74.61419161774089, 5.208445617521682]]]}}, {"id": "54", "type": "Feature", "properties": {"NOMBRE_PRO": "LA PINTA", "CLIENTE": "FRONTERA ENERGY", "DEPARTAMEN": "MAGDALENA", "MUNICIPIO": "ARIGUAN\u00cd", "SECTOR": "HIDROCARBUROS", "LATITUD": "9\u00b0 42' 46,870\" N", "LONGITUD": "74\u00b0 9' 41,944\" W"}, "geometry": {"type": "Polygon", "coordinates": [[[-74.11596433064805, 9.71174827195756], [-74.13577131273756, 9.696570874636723], [-74.19516729158316, 9.696459800817887], [-74.19980352799998, 9.713536806258825], [-74.16791513209962, 9.739042594596699], [-74.11596433064805, 9.71174827195756]]]}}, {"id": "55", "type": "Feature", "properties": {"NOMBRE_PRO": "LA PINTA", "CLIENTE": "FRONTERA ENERGY", "DEPARTAMEN": "MAGDALENA", "MUNICIPIO": "VARIOS", "SECTOR": "HIDROCARBUROS", "LATITUD": "9\u00b0 38' 12,125\" N", "LONGITUD": "74\u00b0 9' 38,987\" W"}, "geometry": {"type": "Polygon", "coordinates": [[[-74.14255832985154, 9.630374113160778], [-74.19102099917184, 9.61173682495735], [-74.19776771282703, 9.626381191600546], [-74.13582225567482, 9.66437000352174], [-74.12689129382282, 9.653522039467074], [-74.14255832985154, 9.630374113160778]]]}}, {"id": "56", "type": "Feature", "properties": {"NOMBRE_PRO": "LA PINTA", "CLIENTE": "FRONTERA ENERGY", "DEPARTAMEN": "MAGDALENA", "MUNICIPIO": "VARIOS", "SECTOR": "HIDROCARBUROS", "LATITUD": "9\u00b0 41' 2,357\" N", "LONGITUD": "74\u00b0 10' 19,154\" W"}, "geometry": {"type": "Polygon", "coordinates": [[[-74.13577131273756, 9.696570874636723], [-74.18502321141625, 9.658933469977711], [-74.19516729158316, 9.696459800817887], [-74.13577131273756, 9.696570874636723]]]}}, {"id": "57", "type": "Feature", "properties": {"NOMBRE_PRO": "GUAMA", "CLIENTE": "FRONTERA ENERGY", "DEPARTAMEN": "MAGDALENA", "MUNICIPIO": "VARIOS", "SECTOR": "HIDROCARBUROS", "LATITUD": "9\u00b0 35' 45,505\" N", "LONGITUD": "74\u00b0 11' 33,652\" W"}, "geometry": {"type": "Polygon", "coordinates": [[[-74.00873899470122, 9.696811221217377], [-74.0082517094971, 9.499947161207654], [-74.37499970504348, 9.49994677201648], [-74.37517089155493, 9.696135892087623], [-74.19518933327151, 9.6964924858729], [-74.18502321141625, 9.658933469977711], [-74.13576914895917, 9.696605072114743], [-74.00873899470122, 9.696811221217377]], [[-74.13582225567482, 9.66437000352174], [-74.19776771282703, 9.626381191600546], [-74.19102099917184, 9.61173682495735], [-74.14255832985154, 9.630374113160778], [-74.12689129382282, 9.653522039467074], [-74.13582225567482, 9.66437000352174]]]}}, {"id": "58", "type": "Feature", "properties": {"NOMBRE_PRO": "GUAMA", "CLIENTE": "FRONTERA ENERGY", "DEPARTAMEN": "MAGDALENA", "MUNICIPIO": "VARIOS", "SECTOR": "HIDROCARBUROS", "LATITUD": "9\u00b0 35' 44,048\" N", "LONGITUD": "74\u00b0 7' 16,634\" W"}, "geometry": {"type": "Polygon", "coordinates": [[[-74.2206557407975, 9.696432024435019], [-74.00874507346352, 9.696807615032773], [-74.00825653671743, 9.499945218302488], [-74.24526293029344, 9.499984166179637], [-74.24532213987894, 9.602330042899343], [-74.22061603759953, 9.602341140582773], [-74.2206557407975, 9.696432024435019]]]}}, {"id": "59", "type": "Feature", "properties": {"NOMBRE_PRO": "GUATIQUIA", "CLIENTE": "FRONTERA ENERGY", "DEPARTAMEN": "META", "MUNICIPIO": "CABUYARO", "SECTOR": "HIDROCARBUROS", "LATITUD": "4\u00b0 19' 34,853\" N", "LONGITUD": "72\u00b0 58' 45,647\" W"}, "geometry": {"type": "Polygon", "coordinates": [[[-73.04167022238468, 4.291619971676042], [-73.04157529608894, 4.361476069628422], [-72.91656331586799, 4.360181015915044], [-72.9166677251026, 4.291611724288652], [-73.04167022238468, 4.291619971676042]]]}}, {"id": "60", "type": "Feature", "properties": {"NOMBRE_PRO": "LLANOS119", "CLIENTE": "FRONTERA ENERGY", "DEPARTAMEN": "CASANARE", "MUNICIPIO": "OROCU\u00c9", "SECTOR": "HIDROCARBUROS", "LATITUD": "4\u00b0 49' 3,180\" N", "LONGITUD": "71\u00b0 54' 54,320\" W"}, "geometry": {"type": "Polygon", "coordinates": [[[-71.92593656782654, 4.84944277317932], [-71.9214551569653, 4.861511028275398], [-71.8831075469158, 4.827873683473985], [-71.90090242650963, 4.778562259672813], [-71.94604859595145, 4.795274431139505], [-71.92712708612599, 4.846236661855356], [-71.94606519255782, 4.864780713289142], [-71.92593656782654, 4.84944277317932]]]}}, {"id": "61", "type": "Feature", "properties": {"NOMBRE_PRO": "LLANOS 19", "CLIENTE": "FRONTERA ENERGY", "DEPARTAMEN": "CASANARE", "MUNICIPIO": "YOPAL", "SECTOR": "HIDROCARBUROS", "LATITUD": "5\u00b0 15' 17,658\" N", "LONGITUD": "72\u00b0 9' 14,919\" W"}, "geometry": {"type": "Polygon", "coordinates": [[[-72.21607094303884, 5.3451713652215265], [-72.19001899293801, 5.309497274905056], [-72.06982666834953, 5.309783450850988], [-72.07002973169114, 5.192956726765762], [-72.23237907955986, 5.193440089571284], [-72.23212845855251, 5.282911473597866], [-72.22207023857649, 5.291880828471775], [-72.24389804984476, 5.316187713664702], [-72.21607094303884, 5.3451713652215265]]]}}, {"id": "62", "type": "Feature", "properties": {"NOMBRE_PRO": "LLAN 31", "CLIENTE": "FRONTERA ENERGY", "DEPARTAMEN": "CASANARE", "MUNICIPIO": "BARRANCA DE UP\u00cdA / VILLANUEVA", "SECTOR": "HIDROCARBUROS", "LATITUD": "4\u00b0 33' 43,598\" N", "LONGITUD": "72\u00b0 52' 15,293\" W"}, "geometry": {"type": "Polygon", "coordinates": [[[-72.9549609210173, 4.515489719296754], [-72.9649320448033, 4.546327333316688], [-72.86460524050906, 4.645997164637946], [-72.79170972487408, 4.5713894738561915], [-72.79171286418351, 4.513672619483458], [-72.9549609210173, 4.515489719296754]]]}}, {"id": "63", "type": "Feature", "properties": {"NOMBRE_PRO": "ESTAMBUL", "CLIENTE": "FRONTERA ENERGY", "DEPARTAMEN": "TOLIMA", "MUNICIPIO": "CHAPARRAL", "SECTOR": "HIDROCARBUROS", "LATITUD": "3\u00b0 46' 2,732\" N", "LONGITUD": "75\u00b0 31' 43,980\" W"}, "geometry": {"type": "Polygon", "coordinates": [[[-75.55860174554594, 3.7991237756385723], [-75.49530541432776, 3.799230373850168], [-75.49520296231772, 3.7359467634350754], [-75.56269731195314, 3.735834823760152], [-75.55860174554594, 3.7991237756385723]]]}}, {"id": "64", "type": "Feature", "properties": {"NOMBRE_PRO": "MAPACHE", "CLIENTE": "FRONTERA ENERGY", "DEPARTAMEN": "CASANARE", "MUNICIPIO": "SAN LUIS DE PALENQUE / OROCUE", "SECTOR": "HIDROCARBUROS", "LATITUD": "5\u00b0 13' 13,246\" N", "LONGITUD": "71\u00b0 29' 39,900\" W"}, "geometry": {"type": "Polygon", "coordinates": [[[-71.44907007433562, 5.274987848704557], [-71.49727314530608, 5.132570580749835], [-71.54337068206591, 5.148245626354188], [-71.50042689440322, 5.249716764374322], [-71.50042352204883, 5.311062312729823], [-71.47844717262247, 5.310697238990775], [-71.44907007433562, 5.274987848704557]]]}}, {"id": "65", "type": "Feature", "properties": {"NOMBRE_PRO": "MAPACHE II", "CLIENTE": "FRONTERA ENERGY", "DEPARTAMEN": "CASANARE", "MUNICIPIO": "SAN LUIS DE PALENQUE / OROCUE", "SECTOR": "HIDROCARBUROS", "LATITUD": "5\u00b0 6' 5,025\" N", "LONGITUD": "71\u00b0 31' 37,078\" W"}, "geometry": {"type": "Polygon", "coordinates": [[[-71.57071541264317, 4.953294617804989], [-71.59123035038937, 4.9603863549028135], [-71.54539375467638, 5.077109225770835], [-71.55068749293886, 5.095007423178758], [-71.51401125050118, 5.234984488133173], [-71.47308028152713, 5.220838644705031], [-71.5062374072912, 5.107764134131216], [-71.51130586710667, 5.043078553884533], [-71.53725877494333, 5.0198444661662345], [-71.57071541264317, 4.953294617804989]]]}}, {"id": "66", "type": "Feature", "properties": {"NOMBRE_PRO": "MAPACHE", "CLIENTE": "FRONTERA ENERGY", "DEPARTAMEN": "CASANARE", "MUNICIPIO": "SAN LUIS DE PALENQUE / OROCUE", "SECTOR": "HIDROCARBUROS", "LATITUD": "5\u00b0 6' 44,773\" N", "LONGITUD": "71\u00b0 31' 43,049\" W"}, "geometry": {"type": "Polygon", "coordinates": [[[-71.47892879135453, 5.310272866684524], [-71.41809570137866, 5.236356311286966], [-71.43678892678108, 5.161810222216335], [-71.49885045266825, 5.06525810516487], [-71.48978473063767, 5.045500998827833], [-71.51350791390117, 5.0424603188746975], [-71.53773218151848, 5.019446019191121], [-71.60581145058225, 4.9012176993881615], [-71.64782358359763, 4.901182054969805], [-71.63197604050563, 5.000001645782957], [-71.6117443804036, 4.999302415590868], [-71.61142726628113, 5.08333289457588], [-71.56670452452249, 5.082636220001447], [-71.56638526552118, 5.166663629126849], [-71.53936161693731, 5.16666446046065], [-71.54071233338836, 5.25000106489904], [-71.49999680417929, 5.24999688270465], [-71.50000121222953, 5.309990839186179], [-71.47892879135453, 5.310272866684524]]]}}, {"id": "67", "type": "Feature", "properties": {"NOMBRE_PRO": "BICUDO", "CLIENTE": "FRONTERA ENERGY", "DEPARTAMEN": "CASANARE", "MUNICIPIO": "MAN\u00cd", "SECTOR": "HIDROCARBUROS", "LATITUD": "4\u00b0 38' 26,193\" N", "LONGITUD": "72\u00b0 23' 7,110\" W"}, "geometry": {"type": "Polygon", "coordinates": [[[-72.35981356484034, 4.688391522725318], [-72.32766224856691, 4.655973048107533], [-72.36342063332695, 4.620268162625436], [-72.39067170563251, 4.625192130613679], [-72.43535001210371, 4.580568327252732], [-72.45792827557828, 4.58282666454146], [-72.404700496181, 4.6433840525261525], [-72.3942005636515, 4.67965405797199], [-72.35981356484034, 4.688391522725318]]]}}, {"id": "68", "type": "Feature", "properties": {"NOMBRE_PRO": "BICUDO", "CLIENTE": "FRONTERA ENERGY", "DEPARTAMEN": "CASANARE", "MUNICIPIO": "MAN\u00cd", "SECTOR": "HIDROCARBUROS", "LATITUD": "4\u00b0 39' 15,852\" N", "LONGITUD": "72\u00b0 21' 16,912\" W"}, "geometry": {"type": "Polygon", "coordinates": [[[-72.37304795727812, 4.644108398646603], [-72.34390037390759, 4.672346714759155], [-72.33630718803197, 4.664690335059897], [-72.36561877430354, 4.6364061782864825], [-72.37304795727812, 4.644108398646603]]]}}, {"id": "69", "type": "Feature", "properties": {"NOMBRE_PRO": "BICUDO", "CLIENTE": "FRONTERA ENERGY", "DEPARTAMEN": "CASANARE", "MUNICIPIO": "MAN\u00cd", "SECTOR": "HIDROCARBUROS", "LATITUD": "4\u00b0 39' 33,753\" N", "LONGITUD": "72\u00b0 20' 57,910\" W"}, "geometry": {"type": "Polygon", "coordinates": [[[-72.35321420272636, 4.655386890164415], [-72.34647429990852, 4.663415863404943], [-72.34432752030938, 4.65972446767904], [-72.35321420272636, 4.655386890164415]]]}}, {"id": "70", "type": "Feature", "properties": {"NOMBRE_PRO": "PAJARILLO", "CLIENTE": "FRONTERA ENERGY", "DEPARTAMEN": "CASANARE", "MUNICIPIO": "MAN\u00cd", "SECTOR": "HIDROCARBUROS", "LATITUD": "4\u00b0 39' 50,383\" N", "LONGITUD": "72\u00b0 15' 36,836\" W"}, "geometry": {"type": "Polygon", "coordinates": [[[-72.21450920220151, 4.732721170844811], [-72.16167510223208, 4.658666013336641], [-72.20244998158276, 4.6164000898125535], [-72.39888670149229, 4.616962282860792], [-72.36342070455501, 4.620246012520753], [-72.3277225118042, 4.655895109125454], [-72.35981389089297, 4.688375328257988], [-72.21450920220151, 4.732721170844811]]]}}, {"id": "71", "type": "Feature", "properties": {"NOMBRE_PRO": "QUIFA GLOBAL", "CLIENTE": "FRONTERA ENERGY", "DEPARTAMEN": "META", "MUNICIPIO": "PUERTO GAIT\u00c1N", "SECTOR": "HIDROCARBUROS", "LATITUD": "3\u00b0 52' 26,158\" N", "LONGITUD": "71\u00b0 27' 51,157\" W"}, "geometry": {"type": "Polygon", "coordinates": [[[-71.45885762536878, 3.9980403429808815], [-71.46985411092206, 4.023325138094283], [-71.3061672989541, 4.023373172642378], [-71.22138555389351, 3.876629926932441], [-71.24402927995668, 3.8751743207741227], [-71.30213483597335, 3.7548272058400047], [-71.32502224562502, 3.75494489354633], [-71.30919771264774, 3.8713662272031106], [-71.3594893396077, 3.893209184113028], [-71.42491638810057, 3.891457534168204], [-71.46959643219837, 3.916143435581902], [-71.50693142095477, 3.914002679953107], [-71.56780198016507, 3.8622374715658956], [-71.58671351536987, 3.8238740667903297], [-71.5868294530302, 3.783669997569924], [-71.46499328167577, 3.67905747135141], [-71.6639736749004, 3.6798843813234368], [-71.66267617234875, 3.891112136905383], [-71.57979690011584, 3.9098131680049435], [-71.52142134536619, 3.9686916652086617], [-71.49978837425468, 4.009159155806487], [-71.48501643309876, 4.001323450098508], [-71.46909836364246, 4.0096292958275415], [-71.45885762536878, 3.9980403429808815]]]}}, {"id": "72", "type": "Feature", "properties": {"NOMBRE_PRO": "QUIFA NN", "CLIENTE": "FRONTERA ENERGY", "DEPARTAMEN": "META", "MUNICIPIO": "PUERTO GAIT\u00c1N", "SECTOR": "HIDROCARBUROS", "LATITUD": "4\u00b0 5' 41,190\" N", "LONGITUD": "71\u00b0 29' 1,895\" W"}, "geometry": {"type": "Polygon", "coordinates": [[[-71.42072422833688, 4.15237396227289], [-71.42163075384167, 4.023332507463543], [-71.46985293801222, 4.023310671035437], [-71.45663075381383, 4.008459245246225], [-71.45773905375562, 4.00222946278766], [-71.46037123122224, 3.9976758073421483], [-71.46535506520341, 4.008929894132653], [-71.49985241551052, 4.009464268228782], [-71.51142785318089, 4.044679983022763], [-71.48843727941053, 4.080056242863385], [-71.48554888739622, 4.117695716398631], [-71.51977265057963, 4.135698570065629], [-71.55413357595282, 4.127571908965444], [-71.6510949892335, 4.139226370715341], [-71.63629672999852, 4.153902974675771], [-71.42072422833688, 4.15237396227289]]]}}, {"id": "73", "type": "Feature", "properties": {"NOMBRE_PRO": "QUIFA NN E", "CLIENTE": "FRONTERA ENERGY", "DEPARTAMEN": "META", "MUNICIPIO": "PUERTO GAIT\u00c1N", "SECTOR": "HIDROCARBUROS", "LATITUD": "4\u00b0 6' 15,151\" N", "LONGITUD": "71\u00b0 29' 25,378\" W"}, "geometry": {"type": "Polygon", "coordinates": [[[-71.42072460182159, 4.152377693479671], [-71.42163071113109, 4.023338746807132], [-71.47459815490468, 4.023867994553283], [-71.49348014369608, 4.037884213611685], [-71.50027674436323, 4.061552621495374], [-71.48444013240346, 4.113343480092955], [-71.50888852142796, 4.128999714458601], [-71.59624975405482, 4.1291916291944295], [-71.62381399158708, 4.140539497067617], [-71.64523858865513, 4.126951932888708], [-71.66106726583266, 4.143012591237932], [-71.66098756081053, 4.154068997883515], [-71.42072460182159, 4.152377693479671]]]}}, {"id": "74", "type": "Feature", "properties": {"NOMBRE_PRO": "QUIFA NORTE EXPLORACION", "CLIENTE": "FRONTERA ENERGY", "DEPARTAMEN": "META", "MUNICIPIO": "PUERTO GAIT\u00c1N", "SECTOR": "HIDROCARBUROS", "LATITUD": "3\u00b0 57' 1,046\" N", "LONGITUD": "71\u00b0 22' 45,328\" W"}, "geometry": {"type": "Polygon", "coordinates": [[[-71.22116489622498, 3.922420080235267], [-71.2212890940631, 3.8766115757254602], [-71.3091090032162, 3.871342404181282], [-71.35940069009368, 3.8931858093318303], [-71.42482721690763, 3.8914344201039146], [-71.46960180769736, 3.9159920527449956], [-71.57458779200748, 3.9160660945449877], [-71.52132986787781, 3.968669034133028], [-71.4914491365629, 4.023282953110183], [-71.3060747402583, 4.023354451901219], [-71.22116489622498, 3.922420080235267]]]}}, {"id": "75", "type": "Feature", "properties": {"NOMBRE_PRO": "QUIFA NW", "CLIENTE": "FRONTERA ENERGY", "DEPARTAMEN": "META", "MUNICIPIO": "PUERTO GAIT\u00c1N", "SECTOR": "HIDROCARBUROS", "LATITUD": "3\u00b0 59' 21,796\" N", "LONGITUD": "71\u00b0 35' 45,470\" W"}, "geometry": {"type": "Polygon", "coordinates": [[[-71.57107971254932, 4.087815810424328], [-71.56878349483478, 4.076174761266251], [-71.54722598236243, 4.0845060188389], [-71.54261796441294, 4.03303192445508], [-71.51135865684137, 4.037820091715182], [-71.51094585253831, 3.9878399249398555], [-71.5797966514908, 3.909813286520298], [-71.66267633070323, 3.8911118111874474], [-71.6555293915271, 4.056869157736473], [-71.60992581059004, 4.070094508288388], [-71.59860644274264, 4.058574256519458], [-71.57107971254932, 4.087815810424328]]]}}, {"id": "76", "type": "Feature", "properties": {"NOMBRE_PRO": "QUIFA NW", "CLIENTE": "FRONTERA ENERGY", "DEPARTAMEN": "META", "MUNICIPIO": "PUERTO GAIT\u00c1N", "SECTOR": "HIDROCARBUROS", "LATITUD": "4\u00b0 0' 4,291\" N", "LONGITUD": "71\u00b0 35' 17,072\" W"}, "geometry": {"type": "Polygon", "coordinates": [[[-71.6615450564693, 4.0583349083882965], [-71.58390920105712, 4.075287619528771], [-71.49080331265317, 4.095607315132701], [-71.51449069601387, 4.043343436736799], [-71.5035082316393, 4.006971915699595], [-71.52133038948836, 3.9686682018868993], [-71.574588385534, 3.916065850581655], [-71.66253731656182, 3.906445213858129], [-71.6615450564693, 4.0583349083882965]]]}}, {"id": "77", "type": "Feature", "properties": {"NOMBRE_PRO": "QUIFA SUROESTE EXPLORACION", "CLIENTE": "FRONTERA ENERGY", "DEPARTAMEN": "META", "MUNICIPIO": "PUERTO GAIT\u00c1N", "SECTOR": "HIDROCARBUROS", "LATITUD": "3\u00b0 44' 58,724\" N", "LONGITUD": "71\u00b0 36' 4,557\" W"}, "geometry": {"type": "Polygon", "coordinates": [[[-71.66299540494666, 3.8499137770656775], [-71.57323168497777, 3.8499699940671697], [-71.58682945393218, 3.7836699966690497], [-71.46499328257762, 3.6790574704506698], [-71.6639736758022, 3.6798843804223584], [-71.66299540494666, 3.8499137770656775]]]}}, {"id": "78", "type": "Feature", "properties": {"NOMBRE_PRO": "RIO ARIARI", "CLIENTE": "FRONTERA ENERGY", "DEPARTAMEN": "META", "MUNICIPIO": "PUERTO LLERAS / VISTA HERMOSA", "SECTOR": "HIDROCARBUROS", "LATITUD": "3\u00b0 3' 16,563\" N", "LONGITUD": "73\u00b0 30' 57,700\" W"}, "geometry": {"type": "Polygon", "coordinates": [[[-73.29378117048661, 3.1489645662998846], [-73.29374282735303, 2.918172327899944], [-73.31170573667676, 2.9181850331255474], [-73.36970993673789, 2.9631959589377037], [-73.70237729713025, 2.9596260321659615], [-73.75812237156038, 3.0501257211481705], [-73.76057110081784, 3.1492340421807117], [-73.29378117048661, 3.1489645662998846]]]}}, {"id": "79", "type": "Feature", "properties": {"NOMBRE_PRO": "SABANERO", "CLIENTE": "FRONTERA ENERGY", "DEPARTAMEN": "META", "MUNICIPIO": "PUERTO GAIT\u00c1N", "SECTOR": "HIDROCARBUROS", "LATITUD": "4\u00b0 9' 16,698\" N", "LONGITUD": "71\u00b0 17' 25,497\" W"}, "geometry": {"type": "Polygon", "coordinates": [[[-71.33333397101651, 4.27104930053028], [-71.2199287253864, 4.288389955873025], [-71.22030877072494, 4.041664030857092], [-71.31316515170991, 4.041637244017903], [-71.37500156804683, 4.071448238124832], [-71.3749999643601, 4.2082801877531475], [-71.33333328929564, 4.2082801381504815], [-71.33333397101651, 4.27104930053028]]]}}, {"id": "80", "type": "Feature", "properties": {"NOMBRE_PRO": "SABANERO", "CLIENTE": "FRONTERA ENERGY", "DEPARTAMEN": "META", "MUNICIPIO": "PUERTO GAIT\u00c1N", "SECTOR": "HIDROCARBUROS", "LATITUD": "4\u00b0 9' 30,549\" N", "LONGITUD": "71\u00b0 17' 31,132\" W"}, "geometry": {"type": "Polygon", "coordinates": [[[-71.37499993660194, 4.041613507108379], [-71.3749999643601, 4.2082801877531475], [-71.33333328929564, 4.2082801381504815], [-71.33333345950577, 4.291614603941838], [-71.21992329335045, 4.291664484464554], [-71.22030877072494, 4.041664030857092], [-71.37499993660194, 4.041613507108379]]]}}, {"id": "81", "type": "Feature", "properties": {"NOMBRE_PRO": "SANTA CRUZ", "CLIENTE": "FRONTERA ENERGY", "DEPARTAMEN": "NORTE DE SANTANDER", "MUNICIPIO": "SAN JOS\u00c9 DE C\u00daCUTA", "SECTOR": "HIDROCARBUROS", "LATITUD": "8\u00b0 16' 51,401\" N", "LONGITUD": "72\u00b0 26' 24,338\" W"}, "geometry": {"type": "Polygon", "coordinates": [[[-72.44351049189909, 8.371002958626308], [-72.44376003447312, 8.310457547259862], [-72.40930903209666, 8.310314596697706], [-72.39830059038432, 8.291011264974047], [-72.39433124347495, 8.258227264905997], [-72.41454808866948, 8.18802533126447], [-72.38629284848962, 8.187907938575618], [-72.38642988515898, 8.155372054297727], [-72.47678563797137, 8.155739053321211], [-72.45214555527589, 8.161199466088146], [-72.42106996780163, 8.246037207072574], [-72.4440256618904, 8.246021491669696], [-72.44380429893955, 8.300238718965023], [-72.50194280182595, 8.300472909106514], [-72.48356343762505, 8.359075190082775], [-72.47985227967132, 8.426880189725939], [-72.44351049189909, 8.371002958626308]]]}}, {"id": "82", "type": "Feature", "properties": {"NOMBRE_PRO": "APE TOPOYACO", "CLIENTE": "FRONTERA ENERGY", "DEPARTAMEN": "CAQUET\u00c1", "MUNICIPIO": "SAN JOS\u00c9 DEL FRAGUA", "SECTOR": "HIDROCARBUROS", "LATITUD": "1\u00b0 8' 28,561\" N", "LONGITUD": "76\u00b0 13' 49,646\" W"}, "geometry": {"type": "Polygon", "coordinates": [[[-76.23678511043627, 1.1335436604324782], [-76.2247015105609, 1.149293849670856], [-76.22055672864224, 1.1418706713038813], [-76.23678511043627, 1.1335436604324782]]]}}, {"id": "83", "type": "Feature", "properties": {"NOMBRE_PRO": "TOPOYACO NTE", "CLIENTE": "FRONTERA ENERGY", "DEPARTAMEN": "CAQUET\u00c1", "MUNICIPIO": "SAN JOS\u00c9 DEL FRAGUA", "SECTOR": "HIDROCARBUROS", "LATITUD": "1\u00b0 10' 59,431\" N", "LONGITUD": "76\u00b0 8' 55,963\" W"}, "geometry": {"type": "Polygon", "coordinates": [[[-76.19147868118301, 1.1913107286314348], [-76.1662308016814, 1.2055923111942692], [-76.15165289683995, 1.1937751866708053], [-76.11850982974185, 1.2160225679623875], [-76.10375425367745, 1.1876313535953078], [-76.16660564238789, 1.146762792542749], [-76.19147868118301, 1.1913107286314348]]]}}, {"id": "84", "type": "Feature", "properties": {"NOMBRE_PRO": "VIM22", "CLIENTE": "FRONTERA ENERGY", "DEPARTAMEN": "MAGDALENA", "MUNICIPIO": "VARIOS", "SECTOR": "HIDROCARBUROS", "LATITUD": "9\u00b0 25' 38,785\" N", "LONGITUD": "74\u00b0 18' 16,625\" W"}, "geometry": {"type": "Polygon", "coordinates": [[[-74.1607381372248, 9.490856662341606], [-74.16071221804657, 9.382784521621202], [-74.24935498164811, 9.342057709062871], [-74.32285538728765, 9.331800259453782], [-74.33259580633622, 9.280282276788395], [-74.36345680700254, 9.283669034926787], [-74.36043614880157, 9.32986141325724], [-74.4217580038587, 9.378952040327352], [-74.37810927877729, 9.426120696729901], [-74.46695762080748, 9.46860819526699], [-74.40753007267139, 9.541453241093626], [-74.29189400485204, 9.504632784144398], [-74.1607381372248, 9.490856662341606]]]}}, {"id": "85", "type": "Feature", "properties": {"NOMBRE_PRO": "CASIMENA", "CLIENTE": "FRONTERA ENERGY", "DEPARTAMEN": "CASANARE", "MUNICIPIO": "OROCU\u00c9", "SECTOR": "HIDROCARBUROS", "LATITUD": "4\u00b0 43' 54,256\" N", "LONGITUD": "72\u00b0 1' 41,608\" W"}, "geometry": {"type": "Polygon", "coordinates": [[[-72.00051034715098, 4.929737121314365], [-71.92358963164632, 4.8628830623503125], [-71.97619979275075, 4.761653590010713], [-71.98851214731496, 4.559224088249608], [-72.13034940639594, 4.644608851164363], [-72.10692876593562, 4.724119442344965], [-72.12304684348616, 4.768977717982443], [-72.10503733492958, 4.755379165968874], [-72.04705476106191, 4.836564191524673], [-72.00026431219007, 4.836638152935661], [-72.00051034715098, 4.929737121314365]]]}}, {"id": "86", "type": "Feature", "properties": {"NOMBRE_PRO": "LLANOS-25", "CLIENTE": "FRONTERA ENERGY", "DEPARTAMEN": "CASANARE", "MUNICIPIO": "MONTEREY / TAURAMENA", "SECTOR": "HIDROCARBUROS", "LATITUD": "4\u00b0 51' 18,520\" N", "LONGITUD": "72\u00b0 50' 4,804\" W"}, "geometry": {"type": "Polygon", "coordinates": [[[-72.77567828642611, 5.0000047980893445], [-72.79055762596569, 4.944389150487463], [-72.69150073287905, 4.896177316603852], [-72.63798041500384, 4.973201802053704], [-72.63495205346132, 4.999750904072831], [-72.62499987104374, 4.999946772816212], [-72.62499986065609, 4.833280103997598], [-72.78867016466272, 4.83035611151387], [-72.79167261082792, 4.750008817208657], [-73.00230985816916, 4.750014822942818], [-73.00956016202457, 4.796566683127995], [-73.05203195809679, 4.844217393537925], [-72.88372705626577, 4.922948472063862], [-72.72498230298808, 5.0541707342708255], [-72.77567828642611, 5.0000047980893445]]]}}, {"id": "87", "type": "Feature", "properties": {"NOMBRE_PRO": "CRAVOVIEJO", "CLIENTE": "FRONTERA ENERGY", "DEPARTAMEN": "CASANARE", "MUNICIPIO": "OROCU\u00c9", "SECTOR": "HIDROCARBUROS", "LATITUD": "4\u00b0 56' 26,925\" N", "LONGITUD": "71\u00b0 54' 42,249\" W"}, "geometry": {"type": "Polygon", "coordinates": [[[-71.8115721860229, 4.948526943259614], [-71.88303430640741, 4.827864379339378], [-71.94027548434674, 4.878073279488644], [-71.94753606338999, 4.861403629189817], [-71.97356473788199, 4.875411290832221], [-71.9620966588064, 4.897210820145722], [-71.9997075469273, 4.9301924982662495], [-71.99961707883892, 4.959162196469892], [-71.94074001968391, 5.053859601472677], [-71.8115721860229, 4.948526943259614]]]}}, {"id": "88", "type": "Feature", "properties": {"NOMBRE_PRO": "Bloque Cubarral, Campos Castilla y Chichimene", "CLIENTE": "ECOPETROL S.A", "DEPARTAMEN": "META", "MUNICIPIO": "CASTILLA LA NUEVA / ACAC\u00cdAS", "SECTOR": "HIDROCARBUROS", "LATITUD": "3\u00b0 53' 37,458\" N", "LONGITUD": "73\u00b0 39' 57,356\" W"}, "geometry": {"type": "Polygon", "coordinates": [[[-73.57659849249424, 3.8759509300315753], [-73.66220354498076, 3.7983266364612285], [-73.68234729753513, 3.8071169483183596], [-73.76170606234876, 3.9051322853141053], [-73.64565574454109, 3.9947147848671385], [-73.57659849249424, 3.8759509300315753]]]}}, {"id": "89", "type": "Feature", "properties": {"NOMBRE_PRO": "Campo De Producci\u00f3n 50K- CPO-09", "CLIENTE": "ECOPETROL S.A", "DEPARTAMEN": "META", "MUNICIPIO": "CASTILLA LA NUEVA / ACAC\u00cdAS", "SECTOR": "HIDROCARBUROS", "LATITUD": "3\u00b0 57' 19,989\" N", "LONGITUD": "73\u00b0 43' 2,869\" W"}, "geometry": {"type": "Polygon", "coordinates": [[[-73.69293306008733, 4.000788610803817], [-73.62686750001038, 3.9936397221768467], [-73.6408083298657, 3.9850705559869857], [-73.64567111018977, 3.994721388932407], [-73.7617172197577, 3.9051397220745736], [-73.74199499980678, 3.881235000027773], [-73.75462417020877, 3.870807499682244], [-73.77080444043247, 3.9009683327766047], [-73.76863722038846, 3.9424552783729205], [-73.69293306008733, 4.000788610803817]]]}}, {"id": "90", "type": "Feature", "properties": {"NOMBRE_PRO": "Bloque Apiay - (Guayuriba)", "CLIENTE": "ECOPETROL S.A", "DEPARTAMEN": "META", "MUNICIPIO": "ACAC\u00cdAS", "SECTOR": "HIDROCARBUROS", "LATITUD": "4\u00b0 3' 8,261\" N", "LONGITUD": "73\u00b0 26' 17,912\" W"}, "geometry": {"type": "Polygon", "coordinates": [[[-73.3285769725671, 4.130656921525898], [-73.32866293847007, 4.064473599772801], [-73.35455480296434, 4.03683166787973], [-73.39995137613862, 4.018273576574394], [-73.39996387386621, 4.000579981931998], [-73.45364154106977, 3.9818330983234698], [-73.46274688414734, 3.9578443268705623], [-73.53556349099293, 3.9577588237920365], [-73.53551654552176, 4.028234071677407], [-73.50599284651099, 4.037287556354432], [-73.50582832942175, 4.109369040289407], [-73.48802331668871, 4.1279008378327315], [-73.39788830557981, 4.1184704159986625], [-73.39787780678584, 4.130720043504227], [-73.3285769725671, 4.130656921525898]]]}}, {"id": "91", "type": "Feature", "properties": {"NOMBRE_PRO": "Area Desarrollo Pauto", "CLIENTE": "ECOPETROL S.A", "DEPARTAMEN": "CASANARE", "MUNICIPIO": "YOPAL", "SECTOR": "HIDROCARBUROS", "LATITUD": "5\u00b0 26' 15,675\" N", "LONGITUD": "72\u00b0 26' 22,721\" W"}, "geometry": {"type": "Polygon", "coordinates": [[[-72.3877690853589, 5.51460063561012], [-72.37217713388489, 5.495479538799998], [-72.39852120740537, 5.47619624307171], [-72.38642856767783, 5.464044571190019], [-72.407678072269, 5.445097589561644], [-72.42493001887028, 5.395131466125081], [-72.44364764132504, 5.40923177861297], [-72.49414494104703, 5.358873932622489], [-72.51135250595021, 5.380306713665561], [-72.47159440174701, 5.418179495679559], [-72.47310726562446, 5.454529930342865], [-72.42384909162791, 5.471344891232935], [-72.42228931940437, 5.4861485027296], [-72.3877690853589, 5.51460063561012]]]}}, {"id": "92", "type": "Feature", "properties": {"NOMBRE_PRO": "PLANTA SIDER\u00daRGICA MUNICIPIO DE TUTA - BOYACA", "CLIENTE": "GERDAU DIACO", "DEPARTAMEN": "BOYACA", "MUNICIPIO": "SOTAQUIR\u00c1 / TUTA", "SECTOR": "MINERO", "LATITUD": "5\u00b0 43' 27,309\" N", "LONGITUD": "73\u00b0 13' 16,529\" W"}, "geometry": {"type": "Polygon", "coordinates": [[[-73.21899904806826, 5.722869936245131], [-73.22381223315872, 5.723579592983592], [-73.21944422583867, 5.729308194267364], [-73.21899904806826, 5.722869936245131]]]}}, {"id": "93", "type": "Feature", "properties": {"NOMBRE_PRO": "Campo Mago", "CLIENTE": "ECOPETROL S.A", "DEPARTAMEN": "META", "MUNICIPIO": "PUERTO GAIT\u00c1N", "SECTOR": "HIDROCARBUROS", "LATITUD": "3\u00b0 44' 34,116\" N", "LONGITUD": "71\u00b0 45' 6,913\" W"}, "geometry": {"type": "Polygon", "coordinates": [[[-71.66328891451626, 3.7991233921772976], [-71.66404072413678, 3.6799140954613696], [-71.83330989072583, 3.6800931943071835], [-71.83332101860304, 3.8295839903594935], [-71.78708826220944, 3.829634454919229], [-71.78700384245525, 3.7723275946764985], [-71.7296237604167, 3.7992030145462983], [-71.66328891451626, 3.7991233921772976]]]}}, {"id": "94", "type": "Feature", "properties": {"NOMBRE_PRO": "BLOQUE  CUSIANA", "CLIENTE": "ECOPETROL S.A", "DEPARTAMEN": "CASANARE", "MUNICIPIO": "AGUAZUL / TAURAMENA", "SECTOR": "HIDROCARBUROS", "LATITUD": "5\u00b0 0' 5,469\" N", "LONGITUD": "72\u00b0 41' 54,028\" W"}, "geometry": {"type": "Polygon", "coordinates": [[[-72.61222443303467, 5.098407471271791], [-72.64298719130957, 5.002402602394861], [-72.63793026273102, 4.9732606796659775], [-72.69144878585388, 4.896170437738083], [-72.79051255615087, 4.9443838012410595], [-72.7842615238928, 4.990850023065294], [-72.7249334741932, 5.054167685221491], [-72.70473077358159, 5.100601751572308], [-72.61222443303467, 5.098407471271791]]]}}, {"id": "95", "type": "Feature", "properties": {"NOMBRE_PRO": "SANTIAGO DE LAS ATALAYAS (CUP)-RECETOR A", "CLIENTE": "ECOPETROL S.A", "DEPARTAMEN": "CASANARE", "MUNICIPIO": "AGUAZUL", "SECTOR": "HIDROCARBUROS", "LATITUD": "5\u00b0 14' 39,107\" N", "LONGITUD": "72\u00b0 35' 39,376\" W"}, "geometry": {"type": "Polygon", "coordinates": [[[-72.61222443303467, 5.098407471271791], [-72.70473077358159, 5.100601751572308], [-72.65969270572124, 5.204096076283363], [-72.63816303730232, 5.221000378518836], [-72.64141031361102, 5.2424769217695335], [-72.60169607719712, 5.289018239585175], [-72.6173265913137, 5.301441038753769], [-72.64593813248614, 5.275321350928239], [-72.63967727218095, 5.300136164184949], [-72.62142693061294, 5.323861226000421], [-72.59625604631646, 5.315636315949244], [-72.56678313704153, 5.330221410860982], [-72.57360564096214, 5.375444602753825], [-72.53968460032172, 5.412876876082362], [-72.47632894753383, 5.34804699905416], [-72.55984998847818, 5.282514059236218], [-72.54016822375534, 5.223703117842396], [-72.58208201484142, 5.19248114728089], [-72.61222443303467, 5.098407471271791]]]}}, {"id": "96", "type": "Feature", "properties": {"NOMBRE_PRO": "VMM 37_EXPLORACION Y PRODUCCION", "CLIENTE": "EXXON MOBIL EXPLORATION COLOMBIA LIMITED", "DEPARTAMEN": "SANTANDER", "MUNICIPIO": "PUERTO WILCHES", "SECTOR": "HIDROCARBUROS", "LATITUD": "7\u00b0 17' 28,276\" N", "LONGITUD": "73\u00b0 51' 9,189\" W"}, "geometry": {"type": "Polygon", "coordinates": [[[-73.76683862684821, 7.3598888197309424], [-73.76689740610833, 7.274900811788026], [-73.78658703872021, 7.284397088714952], [-73.919967262841, 7.214462211151626], [-73.94417541717438, 7.232897238745719], [-73.93656622592178, 7.28859652730999], [-73.812380917821, 7.359918085893319], [-73.76683862684821, 7.3598888197309424]]]}}, {"id": "97", "type": "Feature", "properties": {"NOMBRE_PRO": "Area Gilbrartar", "CLIENTE": "ECOPETROL S.A", "DEPARTAMEN": "NORTE DE SANTANDER", "MUNICIPIO": "CUBAR\u00c1 / TOLEDO", "SECTOR": "HIDROCARBUROS", "LATITUD": "7\u00b0 0' 37,273\" N", "LONGITUD": "72\u00b0 10' 27,110\" W"}, "geometry": {"type": "Polygon", "coordinates": [[[-72.12925352087511, 6.94265080059818], [-72.21882134285057, 6.942441649027499], [-72.21915455989541, 7.078047606353948], [-72.12956084584869, 7.078260838197286], [-72.12925352087511, 6.94265080059818]]]}}, {"id": "98", "type": "Feature", "properties": {"NOMBRE_PRO": "DESARROLLO DEL CAMPO YAGUARA", "CLIENTE": "ECOPETROL S.A", "DEPARTAMEN": "HUILA", "MUNICIPIO": "YAGUAR\u00c1", "SECTOR": "HIDROCARBUROS", "LATITUD": "2\u00b0 37' 1,598\" N", "LONGITUD": "75\u00b0 31' 28,433\" W"}, "geometry": {"type": "Polygon", "coordinates": [[[-75.5835316523997, 2.5595397013458236], [-75.52699720706505, 2.6673059299726547], [-75.51172686304126, 2.6781727066354186], [-75.48025625007335, 2.673688933572271], [-75.46674151440362, 2.6473955559661104], [-75.55382358908308, 2.544323104080006], [-75.5835316523997, 2.5595397013458236]]]}}, {"id": "99", "type": "Feature", "properties": {"NOMBRE_PRO": "Campo de Producci\u00f3n Yaguar\u00e1", "CLIENTE": "ECOPETROL S.A", "DEPARTAMEN": "HUILA", "MUNICIPIO": "YAGUAR\u00c1", "SECTOR": "HIDROCARBUROS", "LATITUD": "2\u00b0 36' 33,660\" N", "LONGITUD": "75\u00b0 31' 48,682\" W"}, "geometry": {"type": "Polygon", "coordinates": [[[-75.4673224187432, 2.6604046594952666], [-75.55376967593085, 2.5443412471258426], [-75.58356741727827, 2.5593769322538105], [-75.53154484678417, 2.6585582956096747], [-75.5096097877363, 2.6510260725767107], [-75.479293173687, 2.67269555411936], [-75.4673224187432, 2.6604046594952666]]]}}, {"id": "100", "type": "Feature", "properties": {"NOMBRE_PRO": "Campo Rio Ceibas", "CLIENTE": "ECOPETROL S.A", "DEPARTAMEN": "HUILA", "MUNICIPIO": "NEIVA", "SECTOR": "HIDROCARBUROS", "LATITUD": "2\u00b0 57' 15,761\" N", "LONGITUD": "75\u00b0 9' 56,853\" W"}, "geometry": {"type": "Polygon", "coordinates": [[[-75.13204445984871, 2.9995647988903675], [-75.12131037206238, 2.981944957233708], [-75.12599650494707, 2.9700429605916274], [-75.14226700671726, 2.9707260619753804], [-75.14462089677089, 2.9227386872639767], [-75.18374296539803, 2.9100023795987537], [-75.21261077067365, 2.9276505237888486], [-75.17116297298381, 2.9949616810597766], [-75.13204445984871, 2.9995647988903675]]]}}, {"id": "101", "type": "Feature", "properties": {"NOMBRE_PRO": "CAMPO GUANDO", "CLIENTE": "PERENCO OIL AND GAS COLOMBIA LIMITED", "DEPARTAMEN": "TOLIMA", "MUNICIPIO": "MELGAR", "SECTOR": "HIDROCARBUROS", "LATITUD": "4\u00b0 10' 17,645\" N", "LONGITUD": "74\u00b0 35' 35,817\" W"}, "geometry": {"type": "Polygon", "coordinates": [[[-74.66688934475656, 4.188171961523085], [-74.65684690079422, 4.202131428105659], [-74.5958564671525, 4.184636547575495], [-74.56411971113279, 4.224954067141883], [-74.53167856968173, 4.199203160633502], [-74.60007669917245, 4.110987414148749], [-74.63251153641306, 4.138103865508485], [-74.61405032563438, 4.161399101818022], [-74.66688934475656, 4.188171961523085]]]}}, {"id": "102", "type": "Feature", "properties": {"NOMBRE_PRO": "CPR ESPINAL CAMPO PURIFICACI\u00d3N", "CLIENTE": "HOCOL S.A.", "DEPARTAMEN": "TOLIMA", "MUNICIPIO": "PURIFICACI\u00d3N", "SECTOR": "HIDROCARBUROS", "LATITUD": "3\u00b0 53' 51,097\" N", "LONGITUD": "74\u00b0 55' 23,703\" W"}, "geometry": {"type": "Polygon", "coordinates": [[[-74.91968192130395, 3.8967257855071717], [-74.92669796543784, 3.8964643806876627], [-74.92452093542978, 3.9005660495152528], [-74.91968192130395, 3.8967257855071717]]]}}, {"id": "103", "type": "Feature", "properties": {"NOMBRE_PRO": "CPR ESPINAL CAMPO PURIFICACI\u00d3N", "CLIENTE": "ANH", "DEPARTAMEN": "TOLIMA", "MUNICIPIO": "SALDA\u00d1A", "SECTOR": "HIDROCARBUROS", "LATITUD": "3\u00b0 55' 14,977\" N", "LONGITUD": "75\u00b0 2' 23,885\" W"}, "geometry": {"type": "Polygon", "coordinates": [[[-75.03972334155357, 3.9206443030577907], [-75.0402129601438, 3.92100975281322], [-75.03971903837993, 3.921005053917693], [-75.03972334155357, 3.9206443030577907]]]}}, {"id": "104", "type": "Feature", "properties": {"NOMBRE_PRO": "CPR ESPINAL CAMPO PURIFICACI\u00d3N", "CLIENTE": "HOCOL S.A.", "DEPARTAMEN": "TOLIMA", "MUNICIPIO": "PURIFICACI\u00d3N", "SECTOR": "HIDROCARBUROS", "LATITUD": "3\u00b0 51' 38,335\" N", "LONGITUD": "74\u00b0 55' 16,074\" W"}, "geometry": {"type": "Polygon", "coordinates": [[[-74.9202183497452, 3.861053616699505], [-74.9222393915896, 3.860528024489188], [-74.92176114109091, 3.8613130042514183], [-74.9202183497452, 3.861053616699505]]]}}, {"id": "105", "type": "Feature", "properties": {"NOMBRE_PRO": "EXPLOTACI\u00d3N PETROLERA EN EL CAMPO SANTIAGO", "CLIENTE": "ECOPETROL S.A", "DEPARTAMEN": "CASANARE", "MUNICIPIO": "MAN\u00cd", "SECTOR": "HIDROCARBUROS", "LATITUD": "4\u00b0 41' 32,498\" N", "LONGITUD": "72\u00b0 23' 13,613\" W"}, "geometry": {"type": "Polygon", "coordinates": [[[-72.27479224243216, 4.8377193156998795], [-72.2751255352814, 4.710058677936666], [-72.39411172858075, 4.679542299466125], [-72.40472068119817, 4.64307622284837], [-72.51878346742252, 4.5139691246895834], [-72.50136171375796, 4.642078479671877], [-72.40034264179924, 4.714900682618795], [-72.32279531466048, 4.815573715889949], [-72.27479224243216, 4.8377193156998795]]]}}, {"id": "106", "type": "Feature", "properties": {"NOMBRE_PRO": "PROYECTO CAMPO TELLO LA JAGUA", "CLIENTE": "ECOPETROL S.A", "DEPARTAMEN": "HUILA", "MUNICIPIO": "NEIVA", "SECTOR": "HIDROCARBUROS", "LATITUD": "2\u00b0 59' 23,103\" N", "LONGITUD": "75\u00b0 12' 50,121\" W"}, "geometry": {"type": "Polygon", "coordinates": [[[-75.27822761721656, 2.9501446776976388], [-75.20685602093658, 3.0652333731011727], [-75.14961530439876, 3.029353839737469], [-75.22099338811461, 2.9142674111694515], [-75.27822761721656, 2.9501446776976388]]]}}, {"id": "107", "type": "Feature", "properties": {"NOMBRE_PRO": "campo Carare \"Las Monas\"", "CLIENTE": "PETROSANTANDER COLOMBIA INC", "DEPARTAMEN": "SANTANDER", "MUNICIPIO": "SABANA DE TORRES", "SECTOR": "HIDROCARBUROS", "LATITUD": "7\u00b0 14' 56,983\" N", "LONGITUD": "73\u00b0 30' 13,676\" W"}, "geometry": {"type": "Polygon", "coordinates": [[[-73.51502979534575, 7.353075434885697], [-73.48847889925655, 7.350882446705828], [-73.44400084730714, 7.274316245715556], [-73.50395833128452, 7.146950258641505], [-73.57273685309555, 7.181229475541026], [-73.55955419818376, 7.186810104206202], [-73.51502979534575, 7.353075434885697]]]}}, {"id": "108", "type": "Feature", "properties": {"NOMBRE_PRO": "campo Carare \"Las Monas\"", "CLIENTE": "PETROSANTANDER COLOMBIA INC", "DEPARTAMEN": "SANTANDER", "MUNICIPIO": "SABANA DE TORRES", "SECTOR": "HIDROCARBUROS", "LATITUD": "7\u00b0 18' 23,306\" N", "LONGITUD": "73\u00b0 32' 33,182\" W"}, "geometry": {"type": "Polygon", "coordinates": [[[-73.48849766117442, 7.3516961377762335], [-73.51502979534575, 7.353075434885697], [-73.54388847323283, 7.241553928155013], [-73.58130533017719, 7.2416017715483685], [-73.53978579116207, 7.374089869554498], [-73.48849766117442, 7.3516961377762335]]]}}, {"id": "109", "type": "Feature", "properties": {"NOMBRE_PRO": "VMM-2", "CLIENTE": "GRAN TIERRA", "DEPARTAMEN": "CESAR", "MUNICIPIO": "AGUACHICA", "SECTOR": "HIDROCARBUROS", "LATITUD": "8\u00b0 7' 47,797\" N", "LONGITUD": "73\u00b0 39' 50,459\" W"}, "geometry": {"type": "Polygon", "coordinates": [[[-73.6609555194201, 8.25636536757474], [-73.5550015842891, 8.248052666403915], [-73.55503590729734, 8.221874946481277], [-73.64305259261636, 8.221979667924035], [-73.64294229939335, 8.18884364348184], [-73.61141654263805, 8.1271957364906], [-73.59941522928953, 8.068225404788798], [-73.65384598310266, 8.068285321724074], [-73.65165539159526, 8.000169367683212], [-73.71117767081992, 8.000161263815732], [-73.71112106481668, 8.063313448286927], [-73.76234291140742, 8.071784600170304], [-73.76233617995182, 8.080465688942649], [-73.71066100897177, 8.080422603645427], [-73.7179219373338, 8.188890353571004], [-73.68268195255926, 8.190398486378164], [-73.68264587311783, 8.226564544996542], [-73.7189557683504, 8.218436211301839], [-73.72107522435158, 8.228454002341003], [-73.6793428203081, 8.228418706411171], [-73.67932720319487, 8.244046228512468], [-73.6609555194201, 8.25636536757474]]]}}, {"id": "110", "type": "Feature", "properties": {"NOMBRE_PRO": "COR-46", "CLIENTE": "PETROSANTANDER COLOMBIA INC", "DEPARTAMEN": "SANTANDER", "MUNICIPIO": "VARIOS", "SECTOR": "HIDROCARBUROS", "LATITUD": "7\u00b0 14' 12,244\" N", "LONGITUD": "73\u00b0 17' 31,056\" W"}, "geometry": {"type": "Polygon", "coordinates": [[[-73.18885630325666, 7.083279967306448], [-73.16566313477828, 7.052049835710562], [-73.12720362021021, 7.05197317491259], [-73.08333382918855, 6.9999994521904885], [-73.26835580597877, 6.999950872154182], [-73.3419075141254, 7.090838984997783], [-73.42010305643628, 7.14192655268649], [-73.49430942011833, 7.1680581088772986], [-73.44402176709814, 7.274285902081528], [-73.41045408659434, 7.279259563921448], [-73.42547518573298, 7.408995183792868], [-73.32655815530285, 7.408956188335533], [-73.32637938997573, 7.514498932479632], [-73.28475739182848, 7.555143164855179], [-73.1250003489872, 7.171632280156669], [-73.18880699758232, 7.171759716226162], [-73.18885630325666, 7.083279967306448]]]}}, {"id": "111", "type": "Feature", "properties": {"NOMBRE_PRO": "Riohacha \u2013 Maicao", "CLIENTE": "ANH", "DEPARTAMEN": "LA GUAJIRA", "MUNICIPIO": "RIOHACHA", "SECTOR": "HIDROCARBUROS", "LATITUD": "11\u00b0 31' 46,835\" N", "LONGITUD": "72\u00b0 54' 22,249\" W"}, "geometry": {"type": "Polygon", "coordinates": [[[-72.90185074437672, 11.54746592406239], [-72.9031243292362, 11.524837774884642], [-72.9100788314793, 11.515176636353615], [-72.91001082481354, 11.531650696389642], [-72.90185074437672, 11.54746592406239]]]}}, {"id": "112", "type": "Feature", "properties": {"NOMBRE_PRO": "VIM-44", "CLIENTE": "CNE OIL & GAS S A S", "DEPARTAMEN": "SUCRE", "MUNICIPIO": "SAN MARCOS", "SECTOR": "HIDROCARBUROS", "LATITUD": "8\u00b0 39' 57,175\" N", "LONGITUD": "75\u00b0 15' 43,873\" W"}, "geometry": {"type": "Polygon", "coordinates": [[[-75.23596101000412, 8.690617176318595], [-75.2357928133937, 8.635679591199581], [-75.27142433055859, 8.635570285220034], [-75.27739962243992, 8.664392272566078], [-75.30474395083479, 8.664307335520109], [-75.28976720817398, 8.690449733265515], [-75.23596101000412, 8.690617176318595]]]}}, {"id": "113", "type": "Feature", "properties": {"NOMBRE_PRO": "CEDRILLO", "CLIENTE": "ANH", "DEPARTAMEN": "CASANARE", "MUNICIPIO": "SAN LUIS DE PALENQUE", "SECTOR": "HIDROCARBUROS", "LATITUD": "5\u00b0 18' 21,475\" N", "LONGITUD": "71\u00b0 45' 16,697\" W"}, "geometry": {"type": "Polygon", "coordinates": [[[-71.74185745069619, 5.324920988413017], [-71.74960654631371, 5.286164910944993], [-71.77095947520904, 5.286209212128997], [-71.7529751891684, 5.332715606576573], [-71.74185745069619, 5.324920988413017]]]}}, {"id": "114", "type": "Feature", "properties": {"NOMBRE_PRO": "TM CARTAGENA", "CLIENTE": "CONSORCIO TM CARTAGENA", "DEPARTAMEN": "BOL\u00cdVAR", "MUNICIPIO": "CARTAGENA - PASACABALLOS", "SECTOR": "TRANSPORTE", "LATITUD": "10\u00b0 20' 14,745\" N", "LONGITUD": "75\u00b0 29' 50,055\" W"}, "geometry": {"type": "Polygon", "coordinates": [[[-75.49137817138661, 10.335040666831075], [-75.50167367720175, 10.33524621372655], [-75.50331051386115, 10.338737158600413], [-75.49951540219357, 10.341616365909042], [-75.49137817138661, 10.335040666831075]]]}}, {"id": "115", "type": "Feature", "properties": {"NOMBRE_PRO": "TM CARTAGENA", "CLIENTE": "CONSORCIO TM CARTAGENA", "DEPARTAMEN": "BOL\u00cdVAR", "MUNICIPIO": "CARTAGENA - PASACABALLOS", "SECTOR": "TRANSPORTE", "LATITUD": "10\u00b0 20' 24,186\" N", "LONGITUD": "75\u00b0 30' 18,398\" W"}, "geometry": {"type": "Polygon", "coordinates": [[[-75.50698886096494, 10.338632156919664], [-75.50597586963451, 10.341182526701955], [-75.50118208832879, 10.340506052361738], [-75.50698886096494, 10.338632156919664]]]}}, {"id": "116", "type": "Feature", "properties": {"NOMBRE_PRO": "TM CARTAGENA", "CLIENTE": "CONSORCIO TM CARTAGENA", "DEPARTAMEN": "BOL\u00cdVAR", "MUNICIPIO": "CARTAGENA - PASACABALLOS", "SECTOR": "TRANSPORTE", "LATITUD": "10\u00b0 19' 5,948\" N", "LONGITUD": "75\u00b0 30' 21,122\" W"}, "geometry": {"type": "Polygon", "coordinates": [[[-75.50880643067218, 10.319707891674389], [-75.50138027591821, 10.317329693602638], [-75.50965754558123, 10.316834969404436], [-75.50880643067218, 10.319707891674389]]]}}, {"id": "117", "type": "Feature", "properties": {"NOMBRE_PRO": "ACTUALIZACI\u00d3N DEL PLAN DE MANEJO AMBIENTAL ESPEC\u00cdFICO PARA LA CONVERSI\u00d3N DE LOS POZOS GUATIQU\u00cdA 10, 12, 14 Y 17H, APIAY 11, 16 Y 60, SURIA 15 Y LA CONSTRUCCI\u00d3N, OPERACI\u00d3N Y MANTENIMIENTO DE SUS", "CLIENTE": "ECOPETROL S.A", "DEPARTAMEN": "META", "MUNICIPIO": "VILLAVICENCIO", "SECTOR": "HIDROCARBUROS", "LATITUD": "4\u00b0 5' 11,253\" N", "LONGITUD": "73\u00b0 23' 9,020\" W"}, "geometry": {"type": "MultiPolygon", "coordinates": [[[[-73.45009904625532, 4.04795483200732], [-73.45460056775423, 4.045121697181944], [-73.45362528421684, 4.04893400679493], [-73.45009904625532, 4.04795483200732]]], [[[-73.38514574657383, 4.063813013746818], [-73.3899070895998, 4.065523911127754], [-73.38651564534727, 4.067131330183317], [-73.38514574657383, 4.063813013746818]]], [[[-73.38627291487076, 4.075202022323514], [-73.38826533831757, 4.07189195834689], [-73.38728913390518, 4.076096064099081], [-73.38627291487076, 4.075202022323514]]], [[[-73.38489949874813, 4.078223714414185], [-73.38088227664407, 4.0750936565283045], [-73.38533058404069, 4.0769197804924255], [-73.38489949874813, 4.078223714414185]]], [[[-73.38041482329606, 4.090119518492002], [-73.37080398639993, 4.089237369402947], [-73.37132594207202, 4.084480651902981], [-73.38041482329606, 4.090119518492002]]], [[[-73.38057292716779, 4.105017827379439], [-73.37821860334682, 4.093724414359489], [-73.38452279459709, 4.104149181359683], [-73.38057292716779, 4.105017827379439]]], [[[-73.37554341918046, 4.106508840492172], [-73.3676660461262, 4.104800364290232], [-73.37265410502417, 4.099694366535208], [-73.37554341918046, 4.106508840492172]]]]}}, {"id": "118", "type": "Feature", "properties": {"NOMBRE_PRO": "Plan de Manejo Ambiental Espec\u00edfico para la ampliaci\u00f3n de la Termoel\u00e9ctrica Suria \u2013 Etapa 1", "CLIENTE": "ECOPETROL S.A", "DEPARTAMEN": "META", "MUNICIPIO": "VILLAVICENCIO", "SECTOR": "HIDROCARBUROS", "LATITUD": "4\u00b0 2' 24,807\" N", "LONGITUD": "73\u00b0 26' 22,805\" W"}, "geometry": {"type": "Polygon", "coordinates": [[[-73.43640099758846, 4.039119369163353], [-73.44380141820726, 4.041786840662124], [-73.43992145524496, 4.0451838099776065], [-73.43640099758846, 4.039119369163353]]]}}, {"id": "119", "type": "Feature", "properties": {"NOMBRE_PRO": "Plan de Manejo Ambiental Espec\u00edfico para la ampliaci\u00f3n del sistema de tratamiento de aguas de producci\u00f3n (STAP) en la estaci\u00f3n de recolecci\u00f3n Apiay (ERA)", "CLIENTE": "ECOPETROL S.A", "DEPARTAMEN": "META", "MUNICIPIO": "VILLAVICENCIO", "SECTOR": "HIDROCARBUROS", "LATITUD": "4\u00b0 4' 39,619\" N", "LONGITUD": "73\u00b0 23' 2,930\" W"}, "geometry": {"type": "Polygon", "coordinates": [[[-73.38192197113932, 4.078473439645981], [-73.38636604991284, 4.076865543020249], [-73.38528057929267, 4.0797359713287875], [-73.38192197113932, 4.078473439645981]]]}}, {"id": "120", "type": "Feature", "properties": {"NOMBRE_PRO": "ACTUALIZACI\u00d3N DEL PLAN DE MANEJO AMBIENTAL ESPEC\u00cdFICO PARA EL CL\u00daSTER 66, CON SU V\u00cdA DE ACCESO Y SU INFRAESTRUCTURA CONEXA", "CLIENTE": "ECOPETROL S.A", "DEPARTAMEN": "META", "MUNICIPIO": "ACAC\u00cdAS", "SECTOR": "HIDROCARBUROS", "LATITUD": "3\u00b0 55' 25,701\" N", "LONGITUD": "73\u00b0 44' 33,625\" W"}, "geometry": {"type": "Polygon", "coordinates": [[[-73.74814258255286, 3.9221120763846113], [-73.7353607664362, 3.9272536712447925], [-73.74791426151485, 3.919193815355007], [-73.74814258255286, 3.9221120763846113]]]}}, {"id": "121", "type": "Feature", "properties": {"NOMBRE_PRO": "PLAN DE MANEJO AMBIENTAL ESPEC\u00cdFICO CL\u00daSTER NUEVA ESPERANZA Y SU INFRAESTRUCTURA CONEXA - CAMPO DE PRODUCCI\u00d3N 50K (ACTUALIZACI\u00d3N - VERSI\u00d3N 2)", "CLIENTE": "ECOPETROL S.A", "DEPARTAMEN": "META", "MUNICIPIO": "CASTILLA LA NUEVA / ACAC\u00cdAS", "SECTOR": "HIDROCARBUROS", "LATITUD": "3\u00b0 53' 0,474\" N", "LONGITUD": "73\u00b0 44' 50,017\" W"}, "geometry": {"type": "Polygon", "coordinates": [[[-73.74551944140627, 3.884405325420202], [-73.74905925642865, 3.8823992128680826], [-73.74848408222681, 3.8855119663560553], [-73.74551944140627, 3.884405325420202]]]}}, {"id": "122", "type": "Feature", "properties": {"NOMBRE_PRO": "PLAN DE MANEJO AMBIENTAL ESPEC\u00cdFICO PARA EL CL\u00daSTER 25 Y SU V\u00cdA DE ACCESO \u2013 CAMPO DE PRODUCCI\u00d3N 50K (ACTUALIZACI\u00d3N - VERSI\u00d3N 2)", "CLIENTE": "ECOPETROL S.A", "DEPARTAMEN": "META", "MUNICIPIO": "CASTILLA LA NUEVA / ACAC\u00cdAS", "SECTOR": "HIDROCARBUROS", "LATITUD": "3\u00b0 53' 24,767\" N", "LONGITUD": "73\u00b0 45' 21,251\" W"}, "geometry": {"type": "Polygon", "coordinates": [[[-73.75369292550644, 3.8907615263638573], [-73.75808002296678, 3.889842419894548], [-73.75617853569159, 3.8928436679805323], [-73.75369292550644, 3.8907615263638573]]]}}, {"id": "123", "type": "Feature", "properties": {"NOMBRE_PRO": "PLAN DE MANEJO AMBIENTAL ESPEC\u00cdFICO PARA EL CL\u00daSTER 8B CON SU V\u00cdA DE ACCESO-CAMPO DE PRODUCCI\u00d3N 50K", "CLIENTE": "ECOPETROL S.A", "DEPARTAMEN": "META", "MUNICIPIO": "ACAC\u00cdAS", "SECTOR": "HIDROCARBUROS", "LATITUD": "3\u00b0 57' 27,762\" N", "LONGITUD": "73\u00b0 41' 57,458\" W"}, "geometry": {"type": "Polygon", "coordinates": [[[-73.70045328798189, 3.9587857168933662], [-73.6988530568887, 3.9563641981890694], [-73.70103618696017, 3.9571104433358975], [-73.70045328798189, 3.9587857168933662]]]}}, {"id": "124", "type": "Feature", "properties": {"NOMBRE_PRO": "Plan de Manejo Ambiental Espec\u00edfico para la construcci\u00f3n y operaci\u00f3n del Cl\u00faster 8B y su V\u00eda de acceso - Campo de Producci\u00f3n 50K.", "CLIENTE": "ECOPETROL S.A", "DEPARTAMEN": "META", "MUNICIPIO": "ACAC\u00cdAS", "SECTOR": "HIDROCARBUROS", "LATITUD": "3\u00b0 57' 30,219\" N", "LONGITUD": "73\u00b0 41' 57,790\" W"}, "geometry": {"type": "Polygon", "coordinates": [[[-73.69757862236655, 3.959255951649182], [-73.70098025929106, 3.9572924891781036], [-73.70113136828506, 3.95968743082783], [-73.69757862236655, 3.959255951649182]]]}}, {"id": "125", "type": "Feature", "properties": {"NOMBRE_PRO": "PLAN DE MANEJO AMBIENTAL ESPECIFICO PARA LA ETAPA 1 DE LA FACILIDAD CENTRAL DE PRODUCCI\u00d3N DEL CAMPO DE PRODUCCI\u00d3N 50K", "CLIENTE": "ECOPETROL S.A", "DEPARTAMEN": "META", "MUNICIPIO": "ACAC\u00cdAS", "SECTOR": "HIDROCARBUROS", "LATITUD": "3\u00b0 55' 45,083\" N", "LONGITUD": "73\u00b0 44' 15,783\" W"}, "geometry": {"type": "Polygon", "coordinates": [[[-73.74256784273817, 3.927315898969032], [-73.73329186301376, 3.9315190440410612], [-73.73268647068384, 3.9281743267203617], [-73.74256784273817, 3.927315898969032]]]}}, {"id": "126", "type": "Feature", "properties": {"NOMBRE_PRO": "PMA CL1-V4", "CLIENTE": "ECOPETROL S.A", "DEPARTAMEN": "META", "MUNICIPIO": "ACAC\u00cdAS", "SECTOR": "HIDROCARBUROS", "LATITUD": "3\u00b0 57' 12,713\" N", "LONGITUD": "73\u00b0 42' 41,504\" W"}, "geometry": {"type": "Polygon", "coordinates": [[[-73.7000062181169, 3.959135754345606], [-73.7131667047255, 3.9455758380360986], [-73.72179141307751, 3.95126571757092], [-73.71228502164763, 3.957947772012229], [-73.7000062181169, 3.959135754345606]]]}}, {"id": "127", "type": "Feature", "properties": {"NOMBRE_PRO": "PMAe CONSTRUCCI\u00d3N Y OPERACI\u00d3N DEL CENTRO DE DISTRIBUCI\u00d3N PRINCIPAL, V\u00cdA DE ACCESO Y L\u00cdNEAS EL\u00c9CTRICAS 115kV Y 34,5kV; Y UN TRAMO DE LAS L\u00cdNEAS EL\u00c9CTRICAS DE 34,5 kV DEL CDP AL CMS (ACTUALIZACI", "CLIENTE": "ECOPETROL S.A", "DEPARTAMEN": "META", "MUNICIPIO": "CASTILLA LA NUEVA / ACAC\u00cdAS", "SECTOR": "HIDROCARBUROS", "LATITUD": "3\u00b0 53' 6,191\" N", "LONGITUD": "73\u00b0 44' 47,215\" W"}, "geometry": {"type": "Polygon", "coordinates": [[[-73.7479032384269, 3.8863949606884387], [-73.74530767124251, 3.8834761465644068], [-73.74824488518672, 3.884274823432799], [-73.7479032384269, 3.8863949606884387]]]}}, {"id": "128", "type": "Feature", "properties": {"NOMBRE_PRO": "PMAE PARA LA CONSTRUCCI\u00d3N Y OPERACI\u00d3N DE L\u00cdNEAS DE FLUJO DEL CLNE A CL66, L\u00cdNEAS EL\u00c9CTRICAS DE 34,5KV DEL CDP AL CMS Y SUS DERIVACIONES, L\u00cdNEA EL\u00c9CTRICA DE 34,5KV CL7 AL CL8B, CAMPO DE PRODUCCI", "CLIENTE": "ECOPETROL S.A", "DEPARTAMEN": "META", "MUNICIPIO": "CASTILLA LA NUEVA / ACAC\u00cdAS", "SECTOR": "HIDROCARBUROS", "LATITUD": "3\u00b0 54' 26,309\" N", "LONGITUD": "73\u00b0 44' 55,984\" W"}, "geometry": {"type": "MultiPolygon", "coordinates": [[[[-73.75694771446379, 3.8901646643616488], [-73.74659632714003, 3.888202892381322], [-73.74684657292794, 3.8835715512346787], [-73.75694771446379, 3.8901646643616488]]], [[[-73.7423344390525, 3.9337074037327064], [-73.74284874529246, 3.92042625557412], [-73.7454926280059, 3.9179371189674224], [-73.74907816337819, 3.92312456145315], [-73.7423344390525, 3.9337074037327064]]]]}}, {"id": "129", "type": "Feature", "properties": {"NOMBRE_PRO": "ACTUALIZACI\u00d3N DEL PLAN DE MANEJO AMBIENTAL ESPEC\u00cdFICO PARA EL CL\u00daSTER 66, CON SU V\u00cdA DE ACCESO Y SU INFRAESTRUCTURA CONEXA", "CLIENTE": "ECOPETROL S.A", "DEPARTAMEN": "META", "MUNICIPIO": "ACAC\u00cdAS", "SECTOR": "HIDROCARBUROS", "LATITUD": "3\u00b0 55' 25,701\" N", "LONGITUD": "73\u00b0 44' 33,625\" W"}, "geometry": {"type": "Polygon", "coordinates": [[[-73.74814258255286, 3.9221120763846113], [-73.7353607664362, 3.9272536712447925], [-73.74791426151485, 3.919193815355007], [-73.74814258255286, 3.9221120763846113]]]}}, {"id": "130", "type": "Feature", "properties": {"NOMBRE_PRO": "PLAN DE MANEJO AMBIENTAL ESPEC\u00cdFICO-PMAE PARA LA CONSTRUCCI\u00d3N DE LA L\u00cdNEA DE INYECCI\u00d3N DE AGUA ENTRE CL\u00daSTER 68-CL\u00daSTER 32, EN CAMPO CASTILLA", "CLIENTE": "ECOPETROL S.A", "DEPARTAMEN": "META", "MUNICIPIO": "CASTILLA LA NUEVA / ACAC\u00cdAS", "SECTOR": "HIDROCARBUROS", "LATITUD": "3\u00b0 50' 36,618\" N", "LONGITUD": "73\u00b0 40' 24,346\" W"}, "geometry": {"type": "Polygon", "coordinates": [[[-73.67532712832121, 3.835641516847875], [-73.67554498176618, 3.8460504788714522], [-73.67190003968744, 3.851407991735155], [-73.67050479028124, 3.842817001145322], [-73.67532712832121, 3.835641516847875]]]}}, {"id": "131", "type": "Feature", "properties": {"NOMBRE_PRO": "PLAN DE MANEJO AMBIENTAL ESPEC\u00cdFICO (PMAE) INTERCONEXI\u00d3N DE TANQUES GAS ESTACI\u00d3N CASTILLA 2 - CAMPO CASTILLA", "CLIENTE": "ECOPETROL S.A", "DEPARTAMEN": "META", "MUNICIPIO": "CASTILLA LA NUEVA / ACAC\u00cdAS", "SECTOR": "HIDROCARBUROS", "LATITUD": "3\u00b0 50' 56,057\" N", "LONGITUD": "73\u00b0 39' 6,708\" W"}, "geometry": {"type": "Polygon", "coordinates": [[[-73.65098071464845, 3.8527539780755258], [-73.65291886863633, 3.8453773400662907], [-73.65495656518668, 3.847889801662818], [-73.65098071464845, 3.8527539780755258]]]}}, {"id": "132", "type": "Feature", "properties": {"NOMBRE_PRO": "PLAN DE MANEJO AMBIENTAL ESPEC\u00cdFICO (PMAE) PARA LA CONSTRUCCI\u00d3N DE INFRAESTRUCTURA PARA EL TRATAMIENTO DE FLUIDOS EN LA ESTACI\u00d3N CHICHIMENE", "CLIENTE": "ECOPETROL S.A", "DEPARTAMEN": "META", "MUNICIPIO": "ACAC\u00cdAS", "SECTOR": "HIDROCARBUROS", "LATITUD": "3\u00b0 55' 58,202\" N", "LONGITUD": "73\u00b0 41' 21,830\" W"}, "geometry": {"type": "Polygon", "coordinates": [[[-73.68794502897516, 3.9355431809450314], [-73.69156046439717, 3.929708733342308], [-73.69250781338874, 3.9341188676483756], [-73.68794502897516, 3.9355431809450314]]]}}, {"id": "133", "type": "Feature", "properties": {"NOMBRE_PRO": "PLAN DE MANEJO AMBIENTAL ESPEC\u00cdFICO CL\u00daSTER NUEVA ESPERANZA Y SU INFRAESTRUCTURA CONEXA - CAMPO DE PRODUCCI\u00d3N 50K (ACTUALIZACI\u00d3N - VERSI\u00d3N 2)", "CLIENTE": "ECOPETROL S.A", "DEPARTAMEN": "META", "MUNICIPIO": "CASTILLA LA NUEVA / ACAC\u00cdAS", "SECTOR": "HIDROCARBUROS", "LATITUD": "3\u00b0 53' 0,474\" N", "LONGITUD": "73\u00b0 44' 50,017\" W"}, "geometry": {"type": "Polygon", "coordinates": [[[-73.74551944140627, 3.884405325420202], [-73.74905925642865, 3.8823992128680826], [-73.74848408222681, 3.8855119663560553], [-73.74551944140627, 3.884405325420202]]]}}, {"id": "134", "type": "Feature", "properties": {"NOMBRE_PRO": "Plan de Manejo Ambiental Especifico para la construcci\u00f3n de la linea de gas anular entre el CH-17 al CH-2, para el desarrollo del Proyecto CIS-M1-Etapa 2, en el Campo Chichimene", "CLIENTE": "ECOPETROL S.A", "DEPARTAMEN": "META", "MUNICIPIO": "ACAC\u00cdAS", "SECTOR": "HIDROCARBUROS", "LATITUD": "3\u00b0 56' 30,076\" N", "LONGITUD": "73\u00b0 40' 48,969\" W"}, "geometry": {"type": "Polygon", "coordinates": [[[-73.68186669378888, 3.9409572477989534], [-73.67815491304634, 3.9414766581448393], [-73.67853399487144, 3.940082702815736], [-73.68186669378888, 3.9409572477989534]]]}}, {"id": "135", "type": "Feature", "properties": {"NOMBRE_PRO": "PLAN DE MANEJO AMBIENTAL ESPECIFICO PARA LA CONSTRUCCI\u00d3N DE LA L\u00cdNEA DE INYECCI\u00d3N DE AGUA DEL CL\u00daSTER 30. CAMPO CASTILLA", "CLIENTE": "ECOPETROL S.A", "DEPARTAMEN": "META", "MUNICIPIO": "CASTILLA LA NUEVA / ACAC\u00cdAS", "SECTOR": "HIDROCARBUROS", "LATITUD": "3\u00b0 49' 29,513\" N", "LONGITUD": "73\u00b0 40' 20,467\" W"}, "geometry": {"type": "Polygon", "coordinates": [[[-73.67087284122204, 3.8252905835572033], [-73.67402383955903, 3.8254002450180984], [-73.67335136793038, 3.8266351387620556], [-73.67087284122204, 3.8252905835572033]]]}}, {"id": "136", "type": "Feature", "properties": {"NOMBRE_PRO": "PLAN DE MANEJO AMBIENTAL ESPEC\u00cdFICO PARA LA CONSTRUCCI\u00d3N DEL CL\u00d9STER 60 Y 61, SUS V\u00ccAS DE ACCESO Y FACILIDADES ASOCIADAS (L\u00ccNEAS MEC\u00c0NICAS Y EL\u00c8CTRICAS), CAMPO CHICHIMENE BLOQUE CUBARRAL", "CLIENTE": "ECOPETROL S.A", "DEPARTAMEN": "META", "MUNICIPIO": "CASTILLA LA NUEVA / ACAC\u00cdAS", "SECTOR": "HIDROCARBUROS", "LATITUD": "3\u00b0 54' 14,368\" N", "LONGITUD": "73\u00b0 43' 37,896\" W"}, "geometry": {"type": "MultiPolygon", "coordinates": [[[[-73.74208259573516, 3.895408403235512], [-73.73965832814913, 3.89191364212517], [-73.75005625911166, 3.8963247409997552], [-73.74208259573516, 3.895408403235512]]], [[[-73.72112795316373, 3.912419581424682], [-73.70697977761499, 3.9121936650353923], [-73.70478494385104, 3.9097612572018163], [-73.72112795316373, 3.912419581424682]]]]}}, {"id": "137", "type": "Feature", "properties": {"NOMBRE_PRO": "PLAN DE MANEJO AMBIENTAL ESPEC\u00cdFICO PARA LA CONSTRUCCI\u00d3N Y OPERACI\u00d3N DE LA V\u00cdA DE ACCESO E INTERCONEXI\u00d3N EL\u00c9CTRICA AL CLUSTER 66 DEL CAMPO 50K - BLOQUE CUBARRAL", "CLIENTE": "ECOPETROL S.A", "DEPARTAMEN": "META", "MUNICIPIO": "CASTILLA LA NUEVA / ACAC\u00cdAS", "SECTOR": "HIDROCARBUROS", "LATITUD": "3\u00b0 54' 51,384\" N", "LONGITUD": "73\u00b0 44' 38,260\" W"}, "geometry": {"type": "Polygon", "coordinates": [[[-73.74786160231683, 3.914724858329605], [-73.73477081423624, 3.9146469868948626], [-73.7490633493242, 3.9046372922463606], [-73.74786160231683, 3.914724858329605]]]}}, {"id": "138", "type": "Feature", "properties": {"NOMBRE_PRO": "PMA LINEA EL\u00c9CTRICA 34,5kV INTERCONEXI\u00d3N ASA", "CLIENTE": "ECOPETROL S.A", "DEPARTAMEN": "META", "MUNICIPIO": "ACAC\u00cdAS", "SECTOR": "HIDROCARBUROS", "LATITUD": "3\u00b0 53' 6,175\" N", "LONGITUD": "73\u00b0 35' 58,342\" W"}, "geometry": {"type": "Polygon", "coordinates": [[[-73.59361365140714, 3.889711666894354], [-73.60588166745396, 3.8807476666589262], [-73.6083594285376, 3.880650874419393], [-73.59361365140714, 3.889711666894354]]]}}, {"id": "139", "type": "Feature", "properties": {"NOMBRE_PRO": "PMAe CONSTRUCCI\u00d3N Y OPERACI\u00d3N DE L\u00cdNEA EL\u00c9CTRICA 115 kV CENTRO DE DISTRIBUCI\u00d3N SAN FERNANDO Y L\u00cdNEA 34,5 kV CL 16, DEL CAMPO CHICHIMENE, EL CENTRO DE DISTRIBUCI\u00d3N PRINCIPAL Y CL NUEVA ESPERARZA", "CLIENTE": "ECOPETROL S.A", "DEPARTAMEN": "META", "MUNICIPIO": "CASTILLA LA NUEVA / ACAC\u00cdAS", "SECTOR": "HIDROCARBUROS", "LATITUD": "3\u00b0 53' 38,225\" N", "LONGITUD": "73\u00b0 43' 11,107\" W"}, "geometry": {"type": "Polygon", "coordinates": [[[-73.73242962689967, 3.9003418498105007], [-73.71239408053478, 3.893617429890986], [-73.68868632089892, 3.8942534098066703], [-73.68446751597504, 3.8913211200543554], [-73.71270496211825, 3.891650146832347], [-73.73633717647334, 3.899622234836171], [-73.74601367293658, 3.884721995210618], [-73.74072484249668, 3.9006956239049755], [-73.73242962689967, 3.9003418498105007]]]}}, {"id": "140", "type": "Feature", "properties": {"NOMBRE_PRO": "PMAe PARA LA CONSTRUCCI\u00d3N Y OPERACI\u00d3N DEL CENTRO DE DISTRIBUCI\u00d3N PRINCIPAL, SU V\u00cdA DE ACCESO Y L\u00cdNEA EL\u00c9CTRICA 115kV CDF SAN FERNANDO AL CDP Y L\u00cdNEA EL\u00c9CTRICA 34,5kV DEL CL16 AL CLNE, EN EL CA", "CLIENTE": "ECOPETROL S.A", "DEPARTAMEN": "META", "MUNICIPIO": "CASTILLA LA NUEVA / ACAC\u00cdAS", "SECTOR": "HIDROCARBUROS", "LATITUD": "3\u00b0 53' 6,101\" N", "LONGITUD": "73\u00b0 44' 47,240\" W"}, "geometry": {"type": "Polygon", "coordinates": [[[-73.74785534312605, 3.8864294984361614], [-73.74534604435858, 3.8834530176244764], [-73.74827927090455, 3.8843229282377987], [-73.74785534312605, 3.8864294984361614]]]}}, {"id": "141", "type": "Feature", "properties": {"NOMBRE_PRO": "Actualizaci\u00f3n del Plan de Manejo Ambiental Especifico (PMAE) para el cambio de equipos en la planta de desasfaltado en la Estaci\u00f3n Chichimene", "CLIENTE": "ECOPETROL S.A", "DEPARTAMEN": "META", "MUNICIPIO": "ACAC\u00cdAS", "SECTOR": "HIDROCARBUROS", "LATITUD": "3\u00b0 55' 57,892\" N", "LONGITUD": "73\u00b0 41' 7,317\" W"}, "geometry": {"type": "Polygon", "coordinates": [[[-73.6838513899584, 3.932782242559582], [-73.68689793188308, 3.932677415679444], [-73.68570959743711, 3.9342166306891495], [-73.6838513899584, 3.932782242559582]]]}}, {"id": "142", "type": "Feature", "properties": {"NOMBRE_PRO": "PLAN DE MANEJO AMBIENTAL ESPEC\u00cdFICO PARA LA CONSTRUCCI\u00d3N DE LA L\u00cdNEA DE INYECCI\u00d3N DE AGUA ENTRE LA ESTACI\u00d3N CASTILLA 3 \u2013 CL\u00daSTER 68 \u2013 CL\u00daSTER 21, EN CAMPO CASTILLA", "CLIENTE": "ECOPETROL S.A", "DEPARTAMEN": "META", "MUNICIPIO": "CASTILLA LA NUEVA / ACAC\u00cdAS", "SECTOR": "HIDROCARBUROS", "LATITUD": "3\u00b0 51' 25,065\" N", "LONGITUD": "73\u00b0 40' 17,007\" W"}, "geometry": {"type": "Polygon", "coordinates": [[[-73.6786942901667, 3.8521244905372973], [-73.66564684997043, 3.8591005001232674], [-73.67016586252616, 3.850824413521215], [-73.6786942901667, 3.8521244905372973]]]}}, {"id": "143", "type": "Feature", "properties": {"NOMBRE_PRO": "Plan de Manejo Ambiental Espec\u00edfico para la construcci\u00f3n de la Planta de Inyecci\u00f3n de Agua (PIA) en la estacion Acacias del campo Castilla", "CLIENTE": "ECOPETROL S.A", "DEPARTAMEN": "META", "MUNICIPIO": "ACAC\u00cdAS", "SECTOR": "HIDROCARBUROS", "LATITUD": "3\u00b0 52' 38,554\" N", "LONGITUD": "73\u00b0 37' 42,591\" W"}, "geometry": {"type": "Polygon", "coordinates": [[[-73.62673796052675, 3.8774820876540548], [-73.63024613403637, 3.8776680615684382], [-73.6283682952674, 3.879219371048101], [-73.62673796052675, 3.8774820876540548]]]}}, {"id": "144", "type": "Feature", "properties": {"NOMBRE_PRO": "Plan de manejo ambiental espec\u00edfico para la construcci\u00f3n de los cl\u00faster CL 60 y CL 61 y la ampliaci\u00f3n de los cl\u00fasters CL11 y CL48", "CLIENTE": "ECOPETROL S.A", "DEPARTAMEN": "META", "MUNICIPIO": "CASTILLA LA NUEVA / ACAC\u00cdAS", "SECTOR": "HIDROCARBUROS", "LATITUD": "3\u00b0 54' 46,146\" N", "LONGITUD": "73\u00b0 42' 57,820\" W"}, "geometry": {"type": "MultiPolygon", "coordinates": [[[[-73.74986549668758, 3.8970011051977473], [-73.74002094907749, 3.8957365242354425], [-73.7386592712028, 3.892192441688239], [-73.74986549668758, 3.8970011051977473]]], [[[-73.72213742482603, 3.913355620018177], [-73.70502686284505, 3.910891101784483], [-73.70505469098276, 3.908471109468738], [-73.72213742482603, 3.913355620018177]]], [[[-73.68045831485242, 3.935917046414477], [-73.67801059510747, 3.9334164410036174], [-73.68086993797672, 3.933691384565638], [-73.68045831485242, 3.935917046414477]]], [[[-73.683755312344, 3.947090539776333], [-73.68741121124276, 3.9452108826249805], [-73.6865950671185, 3.9479529329986502], [-73.683755312344, 3.947090539776333]]]]}}, {"id": "145", "type": "Feature", "properties": {"NOMBRE_PRO": "PLAN DE MANEJO AMBIENTAL ESPEC\u00cdFICO PARA LA CONSTRUCCI\u00d3N DEL STAP 6 Y DEL STAP DE EFLUENTES EN LA ESTACI\u00d3N CASTILLA 3 - CAMPO CASTILLA", "CLIENTE": "ECOPETROL S.A", "DEPARTAMEN": "META", "MUNICIPIO": "CASTILLA LA NUEVA / ACAC\u00cdAS", "SECTOR": "HIDROCARBUROS", "LATITUD": "3\u00b0 51' 43,941\" N", "LONGITUD": "73\u00b0 40' 20,555\" W"}, "geometry": {"type": "Polygon", "coordinates": [[[-73.67052862056421, 3.861412295583223], [-73.67481465273507, 3.8620107664260357], [-73.67080430909594, 3.8648976929420984], [-73.67052862056421, 3.861412295583223]]]}}, {"id": "146", "type": "Feature", "properties": {"NOMBRE_PRO": "Plan de manejo ambiental espec\u00edfico para la reposici\u00f3n de las l\u00edneas de transferencia de agua, oleoducto y naftaducto en el cruce subfluvial del r\u00edo Orotoy, en el campo Castilla", "CLIENTE": "ECOPETROL S.A", "DEPARTAMEN": "META", "MUNICIPIO": "ACAC\u00cdAS", "SECTOR": "HIDROCARBUROS", "LATITUD": "3\u00b0 52' 12,452\" N", "LONGITUD": "73\u00b0 38' 6,192\" W"}, "geometry": {"type": "Polygon", "coordinates": [[[-73.63701534413161, 3.8723168214013572], [-73.63061893350054, 3.869998304409765], [-73.6398981714212, 3.8669942212986768], [-73.63701534413161, 3.8723168214013572]]]}}, {"id": "147", "type": "Feature", "properties": {"NOMBRE_PRO": "PMAe Construcci\u00f3n De L\u00edneas De Flujo: Estaci\u00f3n Castilla 3(EC-3)\u2013 Estaci\u00f3n Acacias(EA), EC-3 \u2013 CL22, EC-3\u2013 CL21, CL59 \u2013 EC-3, CL6 \u2013 EC-2 Y L\u00ednea CL45\u2013 CL50, en el Campo Castilla", "CLIENTE": "ECOPETROL S.A", "DEPARTAMEN": "META", "MUNICIPIO": "CASTILLA LA NUEVA / ACAC\u00cdAS", "SECTOR": "HIDROCARBUROS", "LATITUD": "3\u00b0 51' 52,675\" N", "LONGITUD": "73\u00b0 39' 12,892\" W"}, "geometry": {"type": "Polygon", "coordinates": [[[-73.63333802397952, 3.8758773502477735], [-73.65365948310739, 3.864142389329833], [-73.65029444143823, 3.853649027185366], [-73.65402152478758, 3.8488790336652317], [-73.65670970903332, 3.8644819716542993], [-73.67051236359649, 3.8558067352451126], [-73.673480559361, 3.8584766172710667], [-73.63333802397952, 3.8758773502477735]]]}}, {"id": "148", "type": "Feature", "properties": {"NOMBRE_PRO": "PMAe PARA LA CONSTRUCCI\u00d3N Y OPERACI\u00d3N DE LA L\u00cdNEA EL\u00c9CTRICA DE 34,5 KV (CIRCUITO SENCILLO Y CIRCUITO DOBLE) DEL CL25 \u2013 CL39 Y L\u00cdNEA MEC\u00c1NICA DEL CL25 AL CL39 (CAMPO CHICHIMENE)", "CLIENTE": "ECOPETROL S.A", "DEPARTAMEN": "META", "MUNICIPIO": "CASTILLA LA NUEVA / ACAC\u00cdAS", "SECTOR": "HIDROCARBUROS", "LATITUD": "3\u00b0 54' 1,116\" N", "LONGITUD": "73\u00b0 45' 5,340\" W"}, "geometry": {"type": "Polygon", "coordinates": [[[-73.74780571497271, 3.9051383018640085], [-73.75531271430462, 3.8966746614559327], [-73.7487086623613, 3.906626441647311], [-73.74780571497271, 3.9051383018640085]]]}}, {"id": "149", "type": "Feature", "properties": {"NOMBRE_PRO": "PMAe PARA LA CONSTRUCCI\u00d3N Y OPERACI\u00d3N DE LA L\u00cdNEA EL\u00c9CTRICA DE 34,5 KV (CIRCUITO SENCILLO Y DOBLE) DEL CL39 \u2013 CL66, L\u00cdNEA EL\u00c9CTRICA DE 34,5 KV DEL CL1 AL CL 8B Y L\u00cdNEA MEC\u00c1NICA DEL CL39 AL C", "CLIENTE": "ECOPETROL S.A", "DEPARTAMEN": "META", "MUNICIPIO": "CASTILLA LA NUEVA / ACAC\u00cdAS", "SECTOR": "HIDROCARBUROS", "LATITUD": "3\u00b0 55' 4,522\" N", "LONGITUD": "73\u00b0 44' 28,227\" W"}, "geometry": {"type": "MultiPolygon", "coordinates": [[[[-73.74248028196, 3.91790351231454], [-73.74981546199896, 3.9102959581561456], [-73.74364126820322, 3.9208558471270782], [-73.74248028196, 3.91790351231454]]], [[[-73.70010329522742, 3.9545780171022935], [-73.702857078069, 3.955200469932571], [-73.70052193554656, 3.9566557659237223], [-73.70010329522742, 3.9545780171022935]]]]}}, {"id": "150", "type": "Feature", "properties": {"NOMBRE_PRO": "Estudio de Impacto Ambiental para la modificaci\u00f3n del plan de manejo ambiental (PMA) del Bloque Cubarral \u2013 Campos Castilla y Chichimene", "CLIENTE": "ECOPETROL S.A", "DEPARTAMEN": "META", "MUNICIPIO": "ACAC\u00cdAS", "SECTOR": "HIDROCARBUROS", "LATITUD": "3\u00b0 56' 15,222\" N", "LONGITUD": "73\u00b0 36' 34,674\" W"}, "geometry": {"type": "MultiPolygon", "coordinates": [[[[-73.688222782177, 3.970125837383399], [-73.65815715193504, 3.958695274044255], [-73.65721475705642, 3.9422617838338248], [-73.68258582035415, 3.920880539616569], [-73.70185455313569, 3.929049662796477], [-73.70339059246044, 3.9449553173573717], [-73.688222782177, 3.970125837383399]]], [[[-73.55664974033616, 3.9880450186251526], [-73.53263943209379, 3.978110103672378], [-73.52199205859735, 3.9570256353078976], [-73.53462241123546, 3.9561728892882675], [-73.52551327613969, 3.9521677744167714], [-73.53835069678175, 3.939819798988971], [-73.54978660760925, 3.94367811151732], [-73.54493216756426, 3.922748601172526], [-73.57132970045981, 3.920408849198402], [-73.57954215175712, 3.896326788965455], [-73.60812687580132, 3.882923093763958], [-73.61920178123874, 3.898194708227798], [-73.59957872179851, 3.9154281517674994], [-73.60185608111998, 3.9337708819682686], [-73.56744344599873, 3.937787319183702], [-73.5722840600684, 3.9628489864168785], [-73.55086159989877, 3.9574167024784725], [-73.55664974033616, 3.9880450186251526]]]]}}, {"id": "151", "type": "Feature", "properties": {"NOMBRE_PRO": "Informe de Monitoreo Semestral de la Fauna y Flora Silvestre Existente en el Area de Influencia del Proyecto Pauto Sur-B (Segundo Semestre del 2023)", "CLIENTE": "ECOPETROL S.A", "DEPARTAMEN": "CASANARE", "MUNICIPIO": "YOPAL", "SECTOR": "HIDROCARBUROS", "LATITUD": "5\u00b0 25' 31,745\" N", "LONGITUD": "72\u00b0 26' 52,830\" W"}, "geometry": {"type": "Polygon", "coordinates": [[[-72.45298193125278, 5.428472761528912], [-72.44505521238071, 5.427694815688714], [-72.44453136256939, 5.4184486241122904], [-72.45298193125278, 5.428472761528912]]]}}, {"id": "152", "type": "Feature", "properties": {"NOMBRE_PRO": "Estudio de impacto ambiental para la modificaci\u00f3n de la licencia ambiental del \u00e1rea de pozos de Cusiana TA, pozo Cusiana TA-27  y T3", "CLIENTE": "ECOPETROL S.A", "DEPARTAMEN": "CASANARE", "MUNICIPIO": "AGUAZUL", "SECTOR": "HIDROCARBUROS", "LATITUD": "5\u00b0 4' 50,857\" N", "LONGITUD": "72\u00b0 37' 59,559\" W"}, "geometry": {"type": "Polygon", "coordinates": [[[-72.67364023780424, 5.088305355645039], [-72.64757340879613, 5.120152206190832], [-72.59070793742242, 5.103424814032153], [-72.61310042104962, 5.038683763947889], [-72.66161472552795, 5.053403695028529], [-72.67200286668685, 5.068285611088697], [-72.67364023780424, 5.088305355645039]]]}}, {"id": "153", "type": "Feature", "properties": {"NOMBRE_PRO": "ACTUALIZACI\u00d3N DE LAS MEDIDAS DE MANEJO Y SEGUIMIENTO AMBIENTAL PARA LA L\u00cdNEA DEL NAFTADUCTO APIAY-CHICHIMENE, EN CUMPLIMIENTO DE LA RESOLUCI\u00d3N 2433 DE 2021 Y RESOLUCI\u00d3N 00880 DE 2022", "CLIENTE": "ECOPETROL S.A", "DEPARTAMEN": "META", "MUNICIPIO": "VILLAVICENCIO / ACACIAS", "SECTOR": "HIDROCARBUROS", "LATITUD": "4\u00b0 0' 42,821\" N", "LONGITUD": "73\u00b0 32' 6,909\" W"}, "geometry": {"type": "Polygon", "coordinates": [[[-73.68830559985807, 3.9285938245198575], [-73.68844284847046, 3.939379648700796], [-73.5664039497238, 3.9985386849375577], [-73.5465808757217, 4.028738323976668], [-73.48605986377491, 4.038158999212594], [-73.3745842842307, 4.08797420459931], [-73.48315272195215, 4.029499820330241], [-73.54265574731672, 4.0205867011095995], [-73.5624551078336, 3.990273038302117], [-73.68830559985807, 3.9285938245198575]]]}}, {"id": "154", "type": "Feature", "properties": {"NOMBRE_PRO": "Plan de aprovechamiento forestal (PAF) proyecto 40 acres etapas 2-3-4  y upside.", "CLIENTE": "ECOPETROL S.A", "DEPARTAMEN": "META", "MUNICIPIO": "CASTILLA LA NUEVA / ACAC\u00cdAS", "SECTOR": "HIDROCARBUROS", "LATITUD": "3\u00b0 55' 40,411\" N", "LONGITUD": "73\u00b0 42' 9,730\" W"}, "geometry": {"type": "Polygon", "coordinates": [[[-73.64390056910096, 3.949780272675504], [-73.73656575971711, 3.8746720277755102], [-73.76171722426601, 3.905139704894309], [-73.66697405174587, 3.980219944292963], [-73.64390056910096, 3.949780272675504]]]}}, {"id": "155", "type": "Feature", "properties": {"NOMBRE_PRO": "Oleoducto Guaduas - Dorada -OGD", "CLIENTE": "FRONTERA ENERGY", "DEPARTAMEN": null, "MUNICIPIO": null, "SECTOR": "HIDROCARBUROS", "LATITUD": "5\u00b0 32' 46,847\" N", "LONGITUD": "74\u00b0 37' 23,861\" W"}, "geometry": {"type": "Polygon", "coordinates": [[[-74.56197915691322, 6.087589795981115], [-74.53665305409653, 6.083221340755161], [-74.54493280858013, 6.032169236664753], [-74.52537656871056, 5.981787138445392], [-74.54660864900147, 5.948823949501622], [-74.54000878269295, 5.856853335548949], [-74.5848659913358, 5.780807214611588], [-74.58427593496651, 5.7609376159116], [-74.61115863024904, 5.75421704981495], [-74.59466388600839, 5.682633045293944], [-74.61979441697454, 5.518876408638531], [-74.6095195370709, 5.504713800069372], [-74.62545551665788, 5.428102268999663], [-74.70130726120101, 5.289116480406222], [-74.67924614234502, 5.278166149728742], [-74.62651520698039, 5.283309045939929], [-74.58272530070666, 5.197954124129527], [-74.5922015640733, 5.12326032596579], [-74.5845680622077, 5.09733034436416], [-74.59784665681003, 5.048144552171064], [-74.63415031726328, 5.048114444891304], [-74.62103576322305, 5.098697650992254], [-74.6276418498419, 5.2219871259704504], [-74.6447457253015, 5.243628119495999], [-74.71523438779325, 5.250310179382932], [-74.73886391213348, 5.280036577055558], [-74.67502726438632, 5.420139121103226], [-74.72045458722518, 5.4475618716460765], [-74.7246751189094, 5.469623029207576], [-74.72070097309215, 5.4818159653106635], [-74.69719719829804, 5.483926400787393], [-74.65812909498396, 5.4527619914373515], [-74.6309490265231, 5.683576988945854], [-74.6544655856084, 5.761689621953785], [-74.62123329291047, 5.788795306540513], [-74.57947434461866, 5.859709650466055], [-74.58407062164065, 5.944024968778718], [-74.56829207915727, 5.990078138138646], [-74.58021058659634, 6.052859111575976], [-74.56197915691322, 6.087589795981115]]]}}, {"id": "156", "type": "Feature", "properties": {"NOMBRE_PRO": "Los_Toches", "CLIENTE": "FRONTERA ENERGY", "DEPARTAMEN": null, "MUNICIPIO": null, "SECTOR": "HIDROCARBUROS", "LATITUD": "7\u00b0 54' 39,800\" N", "LONGITUD": "72\u00b0 36' 49,789\" W"}, "geometry": {"type": "Polygon", "coordinates": [[[-72.6995770155966, 7.786004357254036], [-72.69876666368306, 8.030066604927852], [-72.51739666634816, 8.029418827372409], [-72.52660167475804, 7.993298726160196], [-72.5448038646214, 7.975289016167446], [-72.51784175859369, 7.911917338001902], [-72.5181795295217, 7.821531111609539], [-72.62706981662275, 7.785762509367651], [-72.6995770155966, 7.786004357254036]]]}}]}